model,field,query,AP,P@1,R@1,P@3,R@3,P@5,R@5,P@10,R@10
TF-IDF,raw_words,1,0.31888961,1.00000000,0.02173913,0.66666667,0.04347826,0.60000000,0.06521739,0.60000000,0.13043478
TF-IDF,raw_words,2,0.02283403,0.00000000,0.00000000,0.00000000,0.00000000,0.00000000,0.00000000,0.00000000,0.00000000
TF-IDF,raw_words,3,0.24565607,1.00000000,0.02272727,1.00000000,0.06818182,0.60000000,0.06818182,0.40000000,0.09090909
TF-IDF,raw_words,4,0.13089152,0.00000000,0.00000000,0.33333333,0.12500000,0.20000000,0.12500000,0.20000000,0.25000000
TF-IDF,raw_words,5,0.04170574,0.00000000,0.00000000,0.00000000,0.00000000,0.00000000,0.00000000,0.00000000,0.00000000
TF-IDF,raw_words,6,0.01315789,0.00000000,0.00000000,0.00000000,0.00000000,0.00000000,0.00000000,0.00000000,0.00000000
TF-IDF,raw_words,7,0.01924282,0.00000000,0.00000000,0.00000000,0.00000000,0.00000000,0.00000000,0.00000000,0.00000000
TF-IDF,raw_words,8,0.01988533,0.00000000,0.00000000,0.00000000,0.00000000,0.00000000,0.00000000,0.00000000,0.00000000
TF-IDF,raw_words,9,0.15059084,0.00000000,0.00000000,0.66666667,0.05882353,0.60000000,0.08823529,0.40000000,0.11764706
TF-IDF,raw_words,10,0.11382995,0.00000000,0.00000000,0.33333333,0.03846154,0.20000000,0.03846154,0.30000000,0.11538462
TF-IDF,raw_words,11,0.19030051,0.00000000,0.00000000,0.33333333,0.00787402,0.40000000,0.01574803,0.20000000,0.01574803
TF-IDF,raw_words,12,0.14153129,0.00000000,0.00000000,0.33333333,0.07692308,0.40000000,0.15384615,0.30000000,0.23076923
TF-IDF,raw_words,13,0.27428512,1.00000000,0.01098901,0.66666667,0.02197802,0.40000000,0.02197802,0.40000000,0.04395604
TF-IDF,raw_words,14,0.00744859,0.00000000,0.00000000,0.00000000,0.00000000,0.00000000,0.00000000,0.00000000,0.00000000
TF-IDF,raw_words,15,0.10083413,0.00000000,0.00000000,0.00000000,0.00000000,0.00000000,0.00000000,0.00000000,0.00000000
TF-IDF,raw_words,16,0.03260368,0.00000000,0.00000000,0.00000000,0.00000000,0.00000000,0.00000000,0.00000000,0.00000000
TF-IDF,raw_words,17,0.02519340,0.00000000,0.00000000,0.00000000,0.00000000,0.00000000,0.00000000,0.10000000,0.03846154
TF-IDF,raw_words,18,0.12997880,0.00000000,0.00000000,0.00000000,0.00000000,0.00000000,0.00000000,0.20000000,0.18181818
TF-IDF,raw_words,19,0.16359709,0.00000000,0.00000000,0.00000000,0.00000000,0.20000000,0.01234568,0.50000000,0.06172840
TF-IDF,raw_words,20,0.13456788,1.00000000,0.00694444,0.66666667,0.01388889,0.60000000,0.02083333,0.50000000,0.03472222
TF-IDF,raw_words,21,0.02834594,0.00000000,0.00000000,0.00000000,0.00000000,0.00000000,0.00000000,0.00000000,0.00000000
TF-IDF,raw_words,22,0.08021827,0.00000000,0.00000000,0.00000000,0.00000000,0.00000000,0.00000000,0.00000000,0.00000000
TF-IDF,raw_words,23,0.12780422,1.00000000,0.02083333,0.33333333,0.02083333,0.20000000,0.02083333,0.20000000,0.04166667
TF-IDF,raw_words,24,0.20971506,1.00000000,0.01923077,1.00000000,0.05769231,1.00000000,0.09615385,0.50000000,0.09615385
TF-IDF,raw_words,25,0.14662129,0.00000000,0.00000000,0.00000000,0.00000000,0.20000000,0.03030303,0.30000000,0.09090909
TF-IDF,raw_words,26,0.28218537,1.00000000,0.01785714,0.66666667,0.03571429,0.80000000,0.07142857,0.80000000,0.14285714
TF-IDF,raw_words,27,0.20772389,1.00000000,0.00869565,0.33333333,0.00869565,0.40000000,0.01739130,0.30000000,0.02608696
TF-IDF,raw_words,28,0.10241160,0.00000000,0.00000000,0.33333333,0.01666667,0.40000000,0.03333333,0.30000000,0.05000000
TF-IDF,raw_words,29,0.06984795,0.00000000,0.00000000,0.00000000,0.00000000,0.00000000,0.00000000,0.10000000,0.02083333
TF-IDF,raw_words,30,0.36681676,1.00000000,0.00746269,0.66666667,0.01492537,0.80000000,0.02985075,0.80000000,0.05970149
TF-IDF,raw_words,31,0.09055790,1.00000000,0.01639344,0.66666667,0.03278689,0.40000000,0.03278689,0.20000000,0.03278689
TF-IDF,raw_words,32,0.11482755,0.00000000,0.00000000,0.33333333,0.00854701,0.20000000,0.00854701,0.10000000,0.00854701
TF-IDF,raw_words,33,0.06056699,0.00000000,0.00000000,0.33333333,0.05000000,0.20000000,0.05000000,0.10000000,0.05000000
TF-IDF,raw_words,34,0.07731596,0.00000000,0.00000000,0.00000000,0.00000000,0.00000000,0.00000000,0.20000000,0.05263158
TF-IDF,raw_words,35,0.13024699,0.00000000,0.00000000,0.00000000,0.00000000,0.20000000,0.02325581,0.30000000,0.06976744
TF-IDF,raw_words,37,0.07199329,0.00000000,0.00000000,0.00000000,0.00000000,0.00000000,0.00000000,0.00000000,0.00000000
TF-IDF,raw_words,39,0.12908675,1.00000000,0.05555556,0.33333333,0.05555556,0.40000000,0.11111111,0.30000000,0.16666667
TF-IDF,raw_words,41,0.05459066,0.00000000,0.00000000,0.00000000,0.00000000,0.20000000,0.09090909,0.10000000,0.09090909
TF-IDF,raw_words,42,0.13693614,0.00000000,0.00000000,0.00000000,0.00000000,0.20000000,0.02000000,0.20000000,0.04000000
TF-IDF,raw_words,43,0.04976738,0.00000000,0.00000000,0.00000000,0.00000000,0.00000000,0.00000000,0.10000000,0.07692308
TF-IDF,raw_words,44,0.23683406,0.00000000,0.00000000,0.33333333,0.00645161,0.60000000,0.01935484,0.40000000,0.02580645
TF-IDF,raw_words,45,0.13531653,0.00000000,0.00000000,0.00000000,0.00000000,0.00000000,0.00000000,0.10000000,0.01298701
TF-IDF,raw_words,46,0.22472354,1.00000000,0.00862069,0.33333333,0.00862069,0.20000000,0.00862069,0.30000000,0.02586207
TF-IDF,raw_words,49,0.08548617,1.00000000,0.02941176,0.33333333,0.02941176,0.20000000,0.02941176,0.20000000,0.05882353
TF-IDF,raw_words,50,0.38599156,1.00000000,0.01123596,0.66666667,0.02247191,0.80000000,0.04494382,0.70000000,0.07865169
TF-IDF,raw_words,52,0.54144185,1.00000000,0.06666667,1.00000000,0.20000000,0.80000000,0.26666667,0.70000000,0.46666667
TF-IDF,raw_words,54,0.14552746,0.00000000,0.00000000,0.00000000,0.00000000,0.20000000,0.01960784,0.10000000,0.01960784
TF-IDF,raw_words,55,0.59618316,1.00000000,0.05555556,1.00000000,0.16666667,1.00000000,0.27777778,0.80000000,0.44444444
TF-IDF,raw_words,56,0.06330396,0.00000000,0.00000000,0.00000000,0.00000000,0.00000000,0.00000000,0.00000000,0.00000000
TF-IDF,raw_words,57,0.07458953,0.00000000,0.00000000,0.33333333,0.05555556,0.20000000,0.05555556,0.20000000,0.11111111
TF-IDF,raw_words,58,0.21209306,1.00000000,0.02173913,0.33333333,0.02173913,0.20000000,0.02173913,0.30000000,0.06521739
TF-IDF,raw_words,61,0.03412888,0.00000000,0.00000000,0.00000000,0.00000000,0.00000000,0.00000000,0.10000000,0.09090909
TF-IDF,raw_words,62,0.49193458,1.00000000,0.08333333,1.00000000,0.25000000,0.80000000,0.33333333,0.50000000,0.41666667
TF-IDF,raw_words,65,0.18984963,1.00000000,0.07692308,0.66666667,0.15384615,0.40000000,0.15384615,0.20000000,0.15384615
TF-IDF,raw_words,66,0.31737827,1.00000000,0.02857143,0.33333333,0.02857143,0.60000000,0.08571429,0.50000000,0.14285714
TF-IDF,raw_words,67,0.12201667,0.00000000,0.00000000,0.00000000,0.00000000,0.00000000,0.00000000,0.10000000,0.03125000
TF-IDF,raw_words,69,0.26623169,1.00000000,0.06666667,0.33333333,0.06666667,0.40000000,0.13333333,0.30000000,0.20000000
TF-IDF,raw_words,71,0.18794043,0.00000000,0.00000000,0.33333333,0.03703704,0.20000000,0.03703704,0.40000000,0.14814815
TF-IDF,raw_words,76,0.19353767,1.00000000,0.01666667,0.66666667,0.03333333,0.40000000,0.03333333,0.40000000,0.06666667
TF-IDF,raw_words,79,0.24243489,1.00000000,0.09090909,0.66666667,0.18181818,0.40000000,0.18181818,0.30000000,0.27272727
TF-IDF,raw_words,81,0.12084769,1.00000000,0.09090909,0.33333333,0.09090909,0.20000000,0.09090909,0.10000000,0.09090909
TF-IDF,raw_words,82,0.03297799,0.00000000,0.00000000,0.00000000,0.00000000,0.00000000,0.00000000,0.00000000,0.00000000
TF-IDF,raw_words,84,0.08572875,0.00000000,0.00000000,0.00000000,0.00000000,0.00000000,0.00000000,0.00000000,0.00000000
TF-IDF,raw_words,90,0.13180704,0.00000000,0.00000000,0.33333333,0.01428571,0.40000000,0.02857143,0.20000000,0.02857143
TF-IDF,raw_words,92,0.09821900,1.00000000,0.02631579,0.66666667,0.05263158,0.40000000,0.05263158,0.20000000,0.05263158
TF-IDF,raw_words,95,0.16321699,0.00000000,0.00000000,0.66666667,0.18181818,0.40000000,0.18181818,0.30000000,0.27272727
TF-IDF,raw_words,96,0.03714099,0.00000000,0.00000000,0.00000000,0.00000000,0.00000000,0.00000000,0.00000000,0.00000000
TF-IDF,raw_words,97,0.28219925,0.00000000,0.00000000,0.33333333,0.16666667,0.40000000,0.33333333,0.30000000,0.50000000
TF-IDF,raw_words,98,0.25670642,1.00000000,0.03448276,1.00000000,0.10344828,0.80000000,0.13793103,0.50000000,0.17241379
TF-IDF,raw_words,99,0.11805483,0.00000000,0.00000000,0.33333333,0.02941176,0.20000000,0.02941176,0.10000000,0.02941176
TF-IDF,raw_words,100,0.01861116,0.00000000,0.00000000,0.00000000,0.00000000,0.00000000,0.00000000,0.00000000,0.00000000
TF-IDF,raw_words,101,0.04000000,0.00000000,0.00000000,0.00000000,0.00000000,0.00000000,0.00000000,0.00000000,0.00000000
TF-IDF,raw_words,102,0.36702568,1.00000000,0.04166667,1.00000000,0.12500000,0.80000000,0.16666667,0.50000000,0.20833333
TF-IDF,raw_words,104,0.05225074,0.00000000,0.00000000,0.00000000,0.00000000,0.00000000,0.00000000,0.10000000,0.09090909
TF-IDF,raw_words,109,0.26856782,1.00000000,0.01408451,0.66666667,0.02816901,0.80000000,0.05633803,0.70000000,0.09859155
TF-IDF,raw_words,111,0.40432035,1.00000000,0.16666667,0.66666667,0.33333333,0.40000000,0.33333333,0.30000000,0.50000000
TF-IDF,tokens,1,0.38035126,1.00000000,0.02173913,1.00000000,0.06521739,0.80000000,0.08695652,0.80000000,0.17391304
TF-IDF,tokens,2,0.02684915,0.00000000,0.00000000,0.00000000,0.00000000,0.00000000,0.00000000,0.00000000,0.00000000
TF-IDF,tokens,3,0.28844429,1.00000000,0.02272727,1.00000000,0.06818182,0.80000000,0.09090909,0.40000000,0.09090909
TF-IDF,tokens,4,0.11283577,0.00000000,0.00000000,0.00000000,0.00000000,0.20000000,0.12500000,0.20000000,0.25000000
TF-IDF,tokens,5,0.04296315,0.00000000,0.00000000,0.00000000,0.00000000,0.00000000,0.00000000,0.10000000,0.04166667
TF-IDF,tokens,6,0.02127660,0.00000000,0.00000000,0.00000000,0.00000000,0.00000000,0.00000000,0.00000000,0.00000000
TF-IDF,tokens,7,0.01560955,0.00000000,0.00000000,0.00000000,0.00000000,0.00000000,0.00000000,0.00000000,0.00000000
TF-IDF,tokens,8,0.01989548,0.00000000,0.00000000,0.00000000,0.00000000,0.00000000,0.00000000,0.00000000,0.00000000
TF-IDF,tokens,9,0.15295265,1.00000000,0.02941176,0.33333333,0.02941176,0.40000000,0.05882353,0.40000000,0.11764706
TF-IDF,tokens,10,0.13635232,0.00000000,0.00000000,0.66666667,0.07692308,0.40000000,0.07692308,0.30000000,0.11538462
TF-IDF,tokens,11,0.18762144,0.00000000,0.00000000,0.00000000,0.00000000,0.20000000,0.00787402,0.20000000,0.01574803
TF-IDF,tokens,12,0.10796747,0.00000000,0.00000000,0.33333333,0.07692308,0.20000000,0.07692308,0.20000000,0.15384615
TF-IDF,tokens,13,0.29844026,1.00000000,0.01098901,0.66666667,0.02197802,0.40000000,0.02197802,0.30000000,0.03296703
TF-IDF,tokens,14,0.01015422,0.00000000,0.00000000,0.00000000,0.00000000,0.00000000,0.00000000,0.00000000,0.00000000
TF-IDF,tokens,15,0.12352684,0.00000000,0.00000000,0.00000000,0.00000000,0.00000000,0.00000000,0.20000000,0.02439024
TF-IDF,tokens,16,0.03546286,0.00000000,0.00000000,0.00000000,0.00000000,0.00000000,0.00000000,0.00000000,0.00000000
TF-IDF,tokens,17,0.01900625,0.00000000,0.00000000,0.00000000,0.00000000,0.00000000,0.00000000,0.10000000,0.03846154
TF-IDF,tokens,18,0.14934401,0.00000000,0.00000000,0.00000000,0.00000000,0.20000000,0.09090909,0.20000000,0.18181818
TF-IDF,tokens,19,0.14551693,0.00000000,0.00000000,0.00000000,0.00000000,0.20000000,0.01234568,0.50000000,0.06172840
TF-IDF,tokens,20,0.13142182,1.00000000,0.00694444,0.66666667,0.01388889,0.40000000,0.01388889,0.30000000,0.02083333
TF-IDF,tokens,21,0.02427472,0.00000000,0.00000000,0.00000000,0.00000000,0.00000000,0.00000000,0.00000000,0.00000000
TF-IDF,tokens,22,0.07432774,0.00000000,0.00000000,0.00000000,0.00000000,0.00000000,0.00000000,0.00000000,0.00000000
TF-IDF,tokens,23,0.13615060,1.00000000,0.02083333,0.33333333,0.02083333,0.20000000,0.02083333,0.20000000,0.04166667
TF-IDF,tokens,24,0.20707852,1.00000000,0.01923077,1.00000000,0.05769231,0.80000000,0.07692308,0.50000000,0.09615385
TF-IDF,tokens,25,0.15888631,0.00000000,0.00000000,0.00000000,0.00000000,0.20000000,0.03030303,0.30000000,0.09090909
TF-IDF,tokens,26,0.29333669,1.00000000,0.01785714,0.66666667,0.03571429,0.80000000,0.07142857,0.80000000,0.14285714
TF-IDF,tokens,27,0.20275956,0.00000000,0.00000000,0.33333333,0.00869565,0.40000000,0.01739130,0.30000000,0.02608696
TF-IDF,tokens,28,0.09681164,0.00000000,0.00000000,0.33333333,0.01666667,0.40000000,0.03333333,0.30000000,0.05000000
TF-IDF,tokens,29,0.05535684,0.00000000,0.00000000,0.00000000,0.00000000,0.20000000,0.02083333,0.10000000,0.02083333
TF-IDF,tokens,30,0.34676291,1.00000000,0.00746269,0.66666667,0.01492537,0.80000000,0.02985075,0.90000000,0.06716418
TF-IDF,tokens,31,0.07683900,1.00000000,0.01639344,0.66666667,0.03278689,0.40000000,0.03278689,0.20000000,0.03278689
TF-IDF,tokens,32,0.09450511,0.00000000,0.00000000,0.33333333,0.00854701,0.20000000,0.00854701,0.10000000,0.00854701
TF-IDF,tokens,33,0.05629157,0.00000000,0.00000000,0.33333333,0.05000000,0.20000000,0.05000000,0.10000000,0.05000000
TF-IDF,tokens,34,0.08322452,0.00000000,0.00000000,0.33333333,0.02631579,0.20000000,0.02631579,0.30000000,0.07894737
TF-IDF,tokens,35,0.13913685,0.00000000,0.00000000,0.33333333,0.02325581,0.40000000,0.04651163,0.30000000,0.06976744
TF-IDF,tokens,37,0.06690650,0.00000000,0.00000000,0.00000000,0.00000000,0.00000000,0.00000000,0.10000000,0.02500000
TF-IDF,tokens,39,0.11988471,1.00000000,0.05555556,0.33333333,0.05555556,0.20000000,0.05555556,0.30000000,0.16666667
TF-IDF,tokens,41,0.04780732,0.00000000,0.00000000,0.00000000,0.00000000,0.00000000,0.00000000,0.10000000,0.09090909
TF-IDF,tokens,42,0.14944505,0.00000000,0.00000000,0.33333333,0.02000000,0.40000000,0.04000000,0.20000000,0.04000000
TF-IDF,tokens,43,0.06762550,0.00000000,0.00000000,0.00000000,0.00000000,0.20000000,0.07692308,0.10000000,0.07692308
TF-IDF,tokens,44,0.24407287,0.00000000,0.00000000,0.66666667,0.01290323,0.60000000,0.01935484,0.50000000,0.03225806
TF-IDF,tokens,45,0.13696555,0.00000000,0.00000000,0.00000000,0.00000000,0.00000000,0.00000000,0.10000000,0.01298701
TF-IDF,tokens,46,0.24405475,1.00000000,0.00862069,0.33333333,0.00862069,0.20000000,0.00862069,0.30000000,0.02586207
TF-IDF,tokens,49,0.10871471,0.00000000,0.00000000,0.66666667,0.05882353,0.60000000,0.08823529,0.30000000,0.08823529
TF-IDF,tokens,50,0.40454106,1.00000000,0.01123596,0.66666667,0.02247191,0.80000000,0.04494382,0.80000000,0.08988764
TF-IDF,tokens,52,0.54434363,1.00000000,0.06666667,1.00000000,0.20000000,1.00000000,0.33333333,0.60000000,0.40000000
TF-IDF,tokens,54,0.16474003,0.00000000,0.00000000,0.00000000,0.00000000,0.00000000,0.00000000,0.10000000,0.01960784
TF-IDF,tokens,55,0.63353629,1.00000000,0.05555556,1.00000000,0.16666667,1.00000000,0.27777778,1.00000000,0.55555556
TF-IDF,tokens,56,0.05711053,0.00000000,0.00000000,0.00000000,0.00000000,0.00000000,0.00000000,0.00000000,0.00000000
TF-IDF,tokens,57,0.06612134,0.00000000,0.00000000,0.00000000,0.00000000,0.20000000,0.05555556,0.20000000,0.11111111
TF-IDF,tokens,58,0.19774499,0.00000000,0.00000000,0.00000000,0.00000000,0.20000000,0.02173913,0.30000000,0.06521739
TF-IDF,tokens,61,0.04594180,0.00000000,0.00000000,0.00000000,0.00000000,0.20000000,0.09090909,0.10000000,0.09090909
TF-IDF,tokens,62,0.49573347,1.00000000,0.08333333,1.00000000,0.25000000,0.80000000,0.33333333,0.50000000,0.41666667
TF-IDF,tokens,65,0.14973131,0.00000000,0.00000000,0.66666667,0.15384615,0.40000000,0.15384615,0.20000000,0.15384615
TF-IDF,tokens,66,0.31684104,1.00000000,0.02857143,0.33333333,0.02857143,0.40000000,0.05714286,0.60000000,0.17142857
TF-IDF,tokens,67,0.11008826,0.00000000,0.00000000,0.00000000,0.00000000,0.00000000,0.00000000,0.10000000,0.03125000
TF-IDF,tokens,69,0.25090913,1.00000000,0.06666667,0.33333333,0.06666667,0.40000000,0.13333333,0.30000000,0.20000000
TF-IDF,tokens,71,0.18738348,0.00000000,0.00000000,0.33333333,0.03703704,0.40000000,0.07407407,0.40000000,0.14814815
TF-IDF,tokens,76,0.20625134,1.00000000,0.01666667,0.66666667,0.03333333,0.40000000,0.03333333,0.40000000,0.06666667
TF-IDF,tokens,79,0.25507059,1.00000000,0.09090909,0.66666667,0.18181818,0.40000000,0.18181818,0.30000000,0.27272727
TF-IDF,tokens,81,0.12484381,1.00000000,0.09090909,0.33333333,0.09090909,0.20000000,0.09090909,0.20000000,0.18181818
TF-IDF,tokens,82,0.03296664,0.00000000,0.00000000,0.00000000,0.00000000,0.00000000,0.00000000,0.00000000,0.00000000
TF-IDF,tokens,84,0.08553600,0.00000000,0.00000000,0.00000000,0.00000000,0.00000000,0.00000000,0.00000000,0.00000000
TF-IDF,tokens,90,0.15414658,0.00000000,0.00000000,0.33333333,0.01428571,0.20000000,0.01428571,0.40000000,0.05714286
TF-IDF,tokens,92,0.08832012,1.00000000,0.02631579,0.66666667,0.05263158,0.40000000,0.05263158,0.20000000,0.05263158
TF-IDF,tokens,95,0.15327453,0.00000000,0.00000000,0.66666667,0.18181818,0.40000000,0.18181818,0.30000000,0.27272727
TF-IDF,tokens,96,0.03449636,0.00000000,0.00000000,0.00000000,0.00000000,0.00000000,0.00000000,0.10000000,0.11111111
TF-IDF,tokens,97,0.38563485,1.00000000,0.16666667,0.66666667,0.33333333,0.40000000,0.33333333,0.30000000,0.50000000
TF-IDF,tokens,98,0.25988601,1.00000000,0.03448276,1.00000000,0.10344828,0.80000000,0.13793103,0.50000000,0.17241379
TF-IDF,tokens,99,0.13933019,1.00000000,0.02941176,0.33333333,0.02941176,0.20000000,0.02941176,0.20000000,0.05882353
TF-IDF,tokens,100,0.01790953,0.00000000,0.00000000,0.00000000,0.00000000,0.00000000,0.00000000,0.00000000,0.00000000
TF-IDF,tokens,101,0.06666667,0.00000000,0.00000000,0.00000000,0.00000000,0.00000000,0.00000000,0.00000000,0.00000000
TF-IDF,tokens,102,0.36822849,1.00000000,0.04166667,0.66666667,0.08333333,0.80000000,0.16666667,0.50000000,0.20833333
TF-IDF,tokens,104,0.04976881,0.00000000,0.00000000,0.00000000,0.00000000,0.00000000,0.00000000,0.10000000,0.09090909
TF-IDF,tokens,109,0.25824385,1.00000000,0.01408451,0.66666667,0.02816901,0.60000000,0.04225352,0.60000000,0.08450704
TF-IDF,tokens,111,0.50642333,1.00000000,0.16666667,0.66666667,0.33333333,0.60000000,0.50000000,0.30000000,0.50000000
TF-IDF,stemmed_words,1,0.42999496,1.00000000,0.02173913,1.00000000,0.06521739,1.00000000,0.10869565,0.70000000,0.15217391
TF-IDF,stemmed_words,2,0.03824444,0.00000000,0.00000000,0.00000000,0.00000000,0.00000000,0.00000000,0.10000000,0.03846154
TF-IDF,stemmed_words,3,0.35287457,1.00000000,0.02272727,1.00000000,0.06818182,0.80000000,0.09090909,0.80000000,0.18181818
TF-IDF,stemmed_words,4,0.11264129,0.00000000,0.00000000,0.00000000,0.00000000,0.00000000,0.00000000,0.10000000,0.12500000
TF-IDF,stemmed_words,5,0.04294806,0.00000000,0.00000000,0.00000000,0.00000000,0.00000000,0.00000000,0.00000000,0.00000000
TF-IDF,stemmed_words,6,0.01515152,0.00000000,0.00000000,0.00000000,0.00000000,0.00000000,0.00000000,0.00000000,0.00000000
TF-IDF,stemmed_words,7,0.01009821,0.00000000,0.00000000,0.00000000,0.00000000,0.00000000,0.00000000,0.00000000,0.00000000
TF-IDF,stemmed_words,8,0.02800052,0.00000000,0.00000000,0.00000000,0.00000000,0.00000000,0.00000000,0.00000000,0.00000000
TF-IDF,stemmed_words,9,0.14437610,1.00000000,0.02941176,0.33333333,0.02941176,0.20000000,0.02941176,0.40000000,0.11764706
TF-IDF,stemmed_words,10,0.19791208,0.00000000,0.00000000,0.66666667,0.07692308,0.60000000,0.11538462,0.40000000,0.15384615
TF-IDF,stemmed_words,11,0.21441234,0.00000000,0.00000000,0.66666667,0.01574803,0.40000000,0.01574803,0.30000000,0.02362205
TF-IDF,stemmed_words,12,0.10992713,0.00000000,0.00000000,0.00000000,0.00000000,0.20000000,0.07692308,0.20000000,0.15384615
TF-IDF,stemmed_words,13,0.28371454,1.00000000,0.01098901,0.66666667,0.02197802,0.40000000,0.02197802,0.30000000,0.03296703
TF-IDF,stemmed_words,14,0.00926899,0.00000000,0.00000000,0.00000000,0.00000000,0.00000000,0.00000000,0.00000000,0.00000000
TF-IDF,stemmed_words,15,0.17744217,0.00000000,0.00000000,0.33333333,0.01219512,0.40000000,0.02439024,0.30000000,0.03658537
TF-IDF,stemmed_words,16,0.04557690,0.00000000,0.00000000,0.00000000,0.00000000,0.00000000,0.00000000,0.00000000,0.00000000
TF-IDF,stemmed_words,17,0.02633031,0.00000000,0.00000000,0.33333333,0.03846154,0.20000000,0.03846154,0.10000000,0.03846154
TF-IDF,stemmed_words,18,0.13310335,0.00000000,0.00000000,0.00000000,0.00000000,0.20000000,0.09090909,0.10000000,0.09090909
TF-IDF,stemmed_words,19,0.29037433,1.00000000,0.01234568,0.66666667,0.02469136,0.40000000,0.02469136,0.40000000,0.04938272
TF-IDF,stemmed_words,20,0.16161537,0.00000000,0.00000000,0.33333333,0.00694444,0.20000000,0.00694444,0.20000000,0.01388889
TF-IDF,stemmed_words,21,0.03182963,0.00000000,0.00000000,0.00000000,0.00000000,0.00000000,0.00000000,0.00000000,0.00000000
TF-IDF,stemmed_words,22,0.06360649,0.00000000,0.00000000,0.00000000,0.00000000,0.00000000,0.00000000,0.00000000,0.00000000
TF-IDF,stemmed_words,23,0.14361971,0.00000000,0.00000000,0.33333333,0.02083333,0.40000000,0.04166667,0.30000000,0.06250000
TF-IDF,stemmed_words,24,0.28235649,1.00000000,0.01923077,1.00000000,0.05769231,1.00000000,0.09615385,0.60000000,0.11538462
TF-IDF,stemmed_words,25,0.15514075,0.00000000,0.00000000,0.33333333,0.03030303,0.20000000,0.03030303,0.30000000,0.09090909
TF-IDF,stemmed_words,26,0.36017248,1.00000000,0.01785714,1.00000000,0.05357143,0.60000000,0.05357143,0.60000000,0.10714286
TF-IDF,stemmed_words,27,0.25041440,1.00000000,0.00869565,0.33333333,0.00869565,0.20000000,0.00869565,0.20000000,0.01739130
TF-IDF,stemmed_words,28,0.13582740,0.00000000,0.00000000,0.00000000,0.00000000,0.40000000,0.03333333,0.40000000,0.06666667
TF-IDF,stemmed_words,29,0.17931313,1.00000000,0.02083333,0.33333333,0.02083333,0.20000000,0.02083333,0.20000000,0.04166667
TF-IDF,stemmed_words,30,0.41173355,1.00000000,0.00746269,1.00000000,0.02238806,0.80000000,0.02985075,0.90000000,0.06716418
TF-IDF,stemmed_words,31,0.14226995,0.00000000,0.00000000,0.33333333,0.01639344,0.60000000,0.04918033,0.40000000,0.06557377
TF-IDF,stemmed_words,32,0.20369607,1.00000000,0.00854701,1.00000000,0.02564103,0.80000000,0.03418803,0.50000000,0.04273504
TF-IDF,stemmed_words,33,0.05397935,0.00000000,0.00000000,0.33333333,0.05000000,0.20000000,0.05000000,0.10000000,0.05000000
TF-IDF,stemmed_words,34,0.19827653,0.00000000,0.00000000,0.33333333,0.02631579,0.40000000,0.05263158,0.50000000,0.13157895
TF-IDF,stemmed_words,35,0.15222164,0.00000000,0.00000000,0.33333333,0.02325581,0.40000000,0.04651163,0.50000000,0.11627907
TF-IDF,stemmed_words,37,0.19753504,1.00000000,0.02500000,0.33333333,0.02500000,0.40000000,0.05000000,0.50000000,0.12500000
TF-IDF,stemmed_words,39,0.12819997,1.00000000,0.05555556,0.33333333,0.05555556,0.40000000,0.11111111,0.20000000,0.11111111
TF-IDF,stemmed_words,41,0.08635060,0.00000000,0.00000000,0.00000000,0.00000000,0.20000000,0.09090909,0.20000000,0.18181818
TF-IDF,stemmed_words,42,0.13959730,0.00000000,0.00000000,0.33333333,0.02000000,0.20000000,0.02000000,0.30000000,0.06000000
TF-IDF,stemmed_words,43,0.04644537,0.00000000,0.00000000,0.00000000,0.00000000,0.00000000,0.00000000,0.10000000,0.07692308
TF-IDF,stemmed_words,44,0.25963883,0.00000000,0.00000000,0.00000000,0.00000000,0.20000000,0.00645161,0.50000000,0.03225806
TF-IDF,stemmed_words,45,0.14900757,0.00000000,0.00000000,0.33333333,0.01298701,0.20000000,0.01298701,0.20000000,0.02597403
TF-IDF,stemmed_words,46,0.29052264,1.00000000,0.00862069,0.66666667,0.01724138,0.60000000,0.02586207,0.50000000,0.04310345
TF-IDF,stemmed_words,49,0.08758659,0.00000000,0.00000000,0.00000000,0.00000000,0.20000000,0.02941176,0.30000000,0.08823529
TF-IDF,stemmed_words,50,0.40499176,0.00000000,0.00000000,0.66666667,0.02247191,0.60000000,0.03370787,0.70000000,0.07865169
TF-IDF,stemmed_words,52,0.50761111,1.00000000,0.06666667,1.00000000,0.20000000,0.80000000,0.26666667,0.60000000,0.40000000
TF-IDF,stemmed_words,54,0.18992930,0.00000000,0.00000000,0.00000000,0.00000000,0.20000000,0.01960784,0.10000000,0.01960784
TF-IDF,stemmed_words,55,0.64048882,1.00000000,0.05555556,1.00000000,0.16666667,1.00000000,0.27777778,1.00000000,0.55555556
TF-IDF,stemmed_words,56,0.06791526,0.00000000,0.00000000,0.00000000,0.00000000,0.00000000,0.00000000,0.00000000,0.00000000
TF-IDF,stemmed_words,57,0.06260029,0.00000000,0.00000000,0.00000000,0.00000000,0.00000000,0.00000000,0.10000000,0.05555556
TF-IDF,stemmed_words,58,0.38525831,1.00000000,0.02173913,0.66666667,0.04347826,0.80000000,0.08695652,0.80000000,0.17391304
TF-IDF,stemmed_words,61,0.05583927,0.00000000,0.00000000,0.33333333,0.09090909,0.20000000,0.09090909,0.10000000,0.09090909
TF-IDF,stemmed_words,62,0.48254564,1.00000000,0.08333333,1.00000000,0.25000000,0.80000000,0.33333333,0.50000000,0.41666667
TF-IDF,stemmed_words,65,0.44752013,1.00000000,0.07692308,1.00000000,0.23076923,0.80000000,0.30769231,0.50000000,0.38461538
TF-IDF,stemmed_words,66,0.49147774,1.00000000,0.02857143,1.00000000,0.08571429,1.00000000,0.14285714,0.80000000,0.22857143
TF-IDF,stemmed_words,67,0.13842309,0.00000000,0.00000000,0.00000000,0.00000000,0.20000000,0.03125000,0.10000000,0.03125000
TF-IDF,stemmed_words,69,0.16588110,0.00000000,0.00000000,0.33333333,0.06666667,0.40000000,0.13333333,0.20000000,0.13333333
TF-IDF,stemmed_words,71,0.18474183,0.00000000,0.00000000,0.33333333,0.03703704,0.40000000,0.07407407,0.40000000,0.14814815
TF-IDF,stemmed_words,76,0.45823094,1.00000000,0.01666667,1.00000000,0.05000000,1.00000000,0.08333333,0.90000000,0.15000000
TF-IDF,stemmed_words,79,0.24598397,1.00000000,0.09090909,0.66666667,0.18181818,0.40000000,0.18181818,0.20000000,0.18181818
TF-IDF,stemmed_words,81,0.13164041,1.00000000,0.09090909,0.33333333,0.09090909,0.20000000,0.09090909,0.10000000,0.09090909
TF-IDF,stemmed_words,82,0.14811552,0.00000000,0.00000000,0.33333333,0.10000000,0.40000000,0.20000000,0.20000000,0.20000000
TF-IDF,stemmed_words,84,0.09211455,0.00000000,0.00000000,0.00000000,0.00000000,0.00000000,0.00000000,0.10000000,0.09090909
TF-IDF,stemmed_words,90,0.11708687,0.00000000,0.00000000,0.00000000,0.00000000,0.00000000,0.00000000,0.00000000,0.00000000
TF-IDF,stemmed_words,92,0.10403482,1.00000000,0.02631579,0.66666667,0.05263158,0.40000000,0.05263158,0.30000000,0.07894737
TF-IDF,stemmed_words,95,0.14919764,0.00000000,0.00000000,0.66666667,0.18181818,0.40000000,0.18181818,0.30000000,0.27272727
TF-IDF,stemmed_words,96,0.02181336,0.00000000,0.00000000,0.00000000,0.00000000,0.00000000,0.00000000,0.00000000,0.00000000
TF-IDF,stemmed_words,97,0.61417137,1.00000000,0.16666667,1.00000000,0.50000000,0.60000000,0.50000000,0.30000000,0.50000000
TF-IDF,stemmed_words,98,0.34352379,1.00000000,0.03448276,1.00000000,0.10344828,0.80000000,0.13793103,0.60000000,0.20689655
TF-IDF,stemmed_words,99,0.22093456,1.00000000,0.02941176,0.33333333,0.02941176,0.40000000,0.05882353,0.40000000,0.11764706
TF-IDF,stemmed_words,100,0.02125419,0.00000000,0.00000000,0.00000000,0.00000000,0.00000000,0.00000000,0.00000000,0.00000000
TF-IDF,stemmed_words,101,0.06666667,0.00000000,0.00000000,0.00000000,0.00000000,0.00000000,0.00000000,0.00000000,0.00000000
TF-IDF,stemmed_words,102,0.37951591,0.00000000,0.00000000,0.66666667,0.08333333,0.60000000,0.12500000,0.70000000,0.29166667
TF-IDF,stemmed_words,104,0.04268724,0.00000000,0.00000000,0.00000000,0.00000000,0.00000000,0.00000000,0.10000000,0.09090909
TF-IDF,stemmed_words,109,0.19853216,0.00000000,0.00000000,0.00000000,0.00000000,0.20000000,0.01408451,0.50000000,0.07042254
TF-IDF,stemmed_words,111,0.60431976,1.00000000,0.16666667,1.00000000,0.50000000,0.60000000,0.50000000,0.40000000,0.66666667
TF-IDF,lemmatized_words,1,0.42694469,1.00000000,0.02173913,1.00000000,0.06521739,1.00000000,0.10869565,0.70000000,0.15217391
TF-IDF,lemmatized_words,2,0.02744938,0.00000000,0.00000000,0.00000000,0.00000000,0.00000000,0.00000000,0.00000000,0.00000000
TF-IDF,lemmatized_words,3,0.36709385,1.00000000,0.02272727,1.00000000,0.06818182,0.80000000,0.09090909,0.70000000,0.15909091
TF-IDF,lemmatized_words,4,0.10255050,0.00000000,0.00000000,0.00000000,0.00000000,0.20000000,0.12500000,0.20000000,0.25000000
TF-IDF,lemmatized_words,5,0.04229509,0.00000000,0.00000000,0.00000000,0.00000000,0.00000000,0.00000000,0.00000000,0.00000000
TF-IDF,lemmatized_words,6,0.02040816,0.00000000,0.00000000,0.00000000,0.00000000,0.00000000,0.00000000,0.00000000,0.00000000
TF-IDF,lemmatized_words,7,0.01956384,0.00000000,0.00000000,0.00000000,0.00000000,0.00000000,0.00000000,0.00000000,0.00000000
TF-IDF,lemmatized_words,8,0.02587523,0.00000000,0.00000000,0.00000000,0.00000000,0.00000000,0.00000000,0.00000000,0.00000000
TF-IDF,lemmatized_words,9,0.14650943,1.00000000,0.02941176,0.33333333,0.02941176,0.40000000,0.05882353,0.40000000,0.11764706
TF-IDF,lemmatized_words,10,0.11806780,0.00000000,0.00000000,0.33333333,0.03846154,0.20000000,0.03846154,0.30000000,0.11538462
TF-IDF,lemmatized_words,11,0.21674237,1.00000000,0.00787402,0.66666667,0.01574803,0.40000000,0.01574803,0.30000000,0.02362205
TF-IDF,lemmatized_words,12,0.10309121,0.00000000,0.00000000,0.00000000,0.00000000,0.20000000,0.07692308,0.20000000,0.15384615
TF-IDF,lemmatized_words,13,0.28108445,1.00000000,0.01098901,0.66666667,0.02197802,0.40000000,0.02197802,0.30000000,0.03296703
TF-IDF,lemmatized_words,14,0.01015422,0.00000000,0.00000000,0.00000000,0.00000000,0.00000000,0.00000000,0.00000000,0.00000000
TF-IDF,lemmatized_words,15,0.18051308,0.00000000,0.00000000,0.00000000,0.00000000,0.40000000,0.02439024,0.20000000,0.02439024
TF-IDF,lemmatized_words,16,0.04806836,0.00000000,0.00000000,0.00000000,0.00000000,0.00000000,0.00000000,0.00000000,0.00000000
TF-IDF,lemmatized_words,17,0.01815940,0.00000000,0.00000000,0.00000000,0.00000000,0.00000000,0.00000000,0.10000000,0.03846154
TF-IDF,lemmatized_words,18,0.19210803,0.00000000,0.00000000,0.33333333,0.09090909,0.40000000,0.18181818,0.30000000,0.27272727
TF-IDF,lemmatized_words,19,0.21430667,0.00000000,0.00000000,0.66666667,0.02469136,0.40000000,0.02469136,0.30000000,0.03703704
TF-IDF,lemmatized_words,20,0.15093200,1.00000000,0.00694444,0.33333333,0.00694444,0.40000000,0.01388889,0.30000000,0.02083333
TF-IDF,lemmatized_words,21,0.03104485,0.00000000,0.00000000,0.00000000,0.00000000,0.00000000,0.00000000,0.00000000,0.00000000
TF-IDF,lemmatized_words,22,0.07293086,0.00000000,0.00000000,0.00000000,0.00000000,0.00000000,0.00000000,0.10000000,0.01886792
TF-IDF,lemmatized_words,23,0.15275224,1.00000000,0.02083333,0.33333333,0.02083333,0.20000000,0.02083333,0.10000000,0.02083333
TF-IDF,lemmatized_words,24,0.19545285,1.00000000,0.01923077,1.00000000,0.05769231,0.80000000,0.07692308,0.50000000,0.09615385
TF-IDF,lemmatized_words,25,0.17277586,0.00000000,0.00000000,0.33333333,0.03030303,0.20000000,0.03030303,0.40000000,0.12121212
TF-IDF,lemmatized_words,26,0.39897010,1.00000000,0.01785714,1.00000000,0.05357143,0.80000000,0.07142857,0.70000000,0.12500000
TF-IDF,lemmatized_words,27,0.20929982,1.00000000,0.00869565,0.33333333,0.00869565,0.20000000,0.00869565,0.30000000,0.02608696
TF-IDF,lemmatized_words,28,0.13345046,0.00000000,0.00000000,0.33333333,0.01666667,0.40000000,0.03333333,0.30000000,0.05000000
TF-IDF,lemmatized_words,29,0.10573988,0.00000000,0.00000000,0.33333333,0.02083333,0.20000000,0.02083333,0.40000000,0.08333333
TF-IDF,lemmatized_words,30,0.43215125,1.00000000,0.00746269,0.66666667,0.01492537,0.80000000,0.02985075,0.80000000,0.05970149
TF-IDF,lemmatized_words,31,0.10097460,1.00000000,0.01639344,0.33333333,0.01639344,0.40000000,0.03278689,0.20000000,0.03278689
TF-IDF,lemmatized_words,32,0.16420002,1.00000000,0.00854701,0.66666667,0.01709402,0.60000000,0.02564103,0.30000000,0.02564103
TF-IDF,lemmatized_words,33,0.05128568,0.00000000,0.00000000,0.00000000,0.00000000,0.20000000,0.05000000,0.10000000,0.05000000
TF-IDF,lemmatized_words,34,0.13656552,0.00000000,0.00000000,0.33333333,0.02631579,0.40000000,0.05263158,0.40000000,0.10526316
TF-IDF,lemmatized_words,35,0.15344074,0.00000000,0.00000000,0.33333333,0.02325581,0.60000000,0.06976744,0.40000000,0.09302326
TF-IDF,lemmatized_words,37,0.14991194,1.00000000,0.02500000,0.66666667,0.05000000,0.40000000,0.05000000,0.30000000,0.07500000
TF-IDF,lemmatized_words,39,0.15521241,1.00000000,0.05555556,0.66666667,0.11111111,0.40000000,0.11111111,0.20000000,0.11111111
TF-IDF,lemmatized_words,41,0.04635064,0.00000000,0.00000000,0.00000000,0.00000000,0.00000000,0.00000000,0.10000000,0.09090909
TF-IDF,lemmatized_words,42,0.15751194,0.00000000,0.00000000,0.33333333,0.02000000,0.40000000,0.04000000,0.30000000,0.06000000
TF-IDF,lemmatized_words,43,0.03447720,0.00000000,0.00000000,0.00000000,0.00000000,0.00000000,0.00000000,0.00000000,0.00000000
TF-IDF,lemmatized_words,44,0.26088788,0.00000000,0.00000000,0.00000000,0.00000000,0.40000000,0.01290323,0.50000000,0.03225806
TF-IDF,lemmatized_words,45,0.16369450,0.00000000,0.00000000,0.00000000,0.00000000,0.20000000,0.01298701,0.30000000,0.03896104
TF-IDF,lemmatized_words,46,0.21972253,0.00000000,0.00000000,0.33333333,0.00862069,0.20000000,0.00862069,0.20000000,0.01724138
TF-IDF,lemmatized_words,49,0.08255042,0.00000000,0.00000000,0.00000000,0.00000000,0.00000000,0.00000000,0.30000000,0.08823529
TF-IDF,lemmatized_words,50,0.41048126,0.00000000,0.00000000,0.66666667,0.02247191,0.60000000,0.03370787,0.70000000,0.07865169
TF-IDF,lemmatized_words,52,0.53088918,1.00000000,0.06666667,1.00000000,0.20000000,0.80000000,0.26666667,0.60000000,0.40000000
TF-IDF,lemmatized_words,54,0.19374905,0.00000000,0.00000000,0.00000000,0.00000000,0.00000000,0.00000000,0.10000000,0.01960784
TF-IDF,lemmatized_words,55,0.62599071,1.00000000,0.05555556,1.00000000,0.16666667,1.00000000,0.27777778,1.00000000,0.55555556
TF-IDF,lemmatized_words,56,0.06224322,0.00000000,0.00000000,0.00000000,0.00000000,0.00000000,0.00000000,0.00000000,0.00000000
TF-IDF,lemmatized_words,57,0.05539296,0.00000000,0.00000000,0.00000000,0.00000000,0.20000000,0.05555556,0.10000000,0.05555556
TF-IDF,lemmatized_words,58,0.33518793,1.00000000,0.02173913,1.00000000,0.06521739,0.80000000,0.08695652,0.70000000,0.15217391
TF-IDF,lemmatized_words,61,0.03025967,0.00000000,0.00000000,0.00000000,0.00000000,0.00000000,0.00000000,0.00000000,0.00000000
TF-IDF,lemmatized_words,62,0.48710776,1.00000000,0.08333333,1.00000000,0.25000000,0.80000000,0.33333333,0.50000000,0.41666667
TF-IDF,lemmatized_words,65,0.22848418,1.00000000,0.07692308,0.33333333,0.07692308,0.40000000,0.15384615,0.30000000,0.23076923
TF-IDF,lemmatized_words,66,0.47675983,1.00000000,0.02857143,1.00000000,0.08571429,0.80000000,0.11428571,0.80000000,0.22857143
TF-IDF,lemmatized_words,67,0.13449804,0.00000000,0.00000000,0.00000000,0.00000000,0.00000000,0.00000000,0.10000000,0.03125000
TF-IDF,lemmatized_words,69,0.23021217,0.00000000,0.00000000,0.33333333,0.06666667,0.40000000,0.13333333,0.30000000,0.20000000
TF-IDF,lemmatized_words,71,0.16621938,0.00000000,0.00000000,0.00000000,0.00000000,0.40000000,0.07407407,0.20000000,0.07407407
TF-IDF,lemmatized_words,76,0.45199367,1.00000000,0.01666667,1.00000000,0.05000000,1.00000000,0.08333333,0.70000000,0.11666667
TF-IDF,lemmatized_words,79,0.24225326,1.00000000,0.09090909,0.66666667,0.18181818,0.40000000,0.18181818,0.30000000,0.27272727
TF-IDF,lemmatized_words,81,0.12847006,1.00000000,0.09090909,0.33333333,0.09090909,0.20000000,0.09090909,0.10000000,0.09090909
TF-IDF,lemmatized_words,82,0.02990929,0.00000000,0.00000000,0.00000000,0.00000000,0.00000000,0.00000000,0.00000000,0.00000000
TF-IDF,lemmatized_words,84,0.07766814,0.00000000,0.00000000,0.00000000,0.00000000,0.00000000,0.00000000,0.00000000,0.00000000
TF-IDF,lemmatized_words,90,0.12353746,0.00000000,0.00000000,0.00000000,0.00000000,0.00000000,0.00000000,0.00000000,0.00000000
TF-IDF,lemmatized_words,92,0.08936303,1.00000000,0.02631579,0.33333333,0.02631579,0.40000000,0.05263158,0.20000000,0.05263158
TF-IDF,lemmatized_words,95,0.16495800,0.00000000,0.00000000,0.66666667,0.18181818,0.40000000,0.18181818,0.30000000,0.27272727
TF-IDF,lemmatized_words,96,0.02246307,0.00000000,0.00000000,0.00000000,0.00000000,0.00000000,0.00000000,0.00000000,0.00000000
TF-IDF,lemmatized_words,97,0.40134734,1.00000000,0.16666667,0.66666667,0.33333333,0.40000000,0.33333333,0.20000000,0.33333333
TF-IDF,lemmatized_words,98,0.30009215,1.00000000,0.03448276,1.00000000,0.10344828,0.80000000,0.13793103,0.60000000,0.20689655
TF-IDF,lemmatized_words,99,0.20257920,1.00000000,0.02941176,0.33333333,0.02941176,0.40000000,0.05882353,0.30000000,0.08823529
TF-IDF,lemmatized_words,100,0.01786288,0.00000000,0.00000000,0.00000000,0.00000000,0.00000000,0.00000000,0.00000000,0.00000000
TF-IDF,lemmatized_words,101,0.06666667,0.00000000,0.00000000,0.00000000,0.00000000,0.00000000,0.00000000,0.00000000,0.00000000
TF-IDF,lemmatized_words,102,0.35183574,0.00000000,0.00000000,0.66666667,0.08333333,0.60000000,0.12500000,0.60000000,0.25000000
TF-IDF,lemmatized_words,104,0.05039476,0.00000000,0.00000000,0.00000000,0.00000000,0.00000000,0.00000000,0.10000000,0.09090909
TF-IDF,lemmatized_words,109,0.18900490,0.00000000,0.00000000,0.00000000,0.00000000,0.20000000,0.01408451,0.40000000,0.05633803
TF-IDF,lemmatized_words,111,0.37627046,0.00000000,0.00000000,0.33333333,0.16666667,0.60000000,0.50000000,0.40000000,0.66666667
TF-IDF,title_tokens,1,0.30172923,1.00000000,0.02173913,1.00000000,0.06521739,0.60000000,0.06521739,0.70000000,0.15217391
TF-IDF,title_tokens,2,0.00939943,0.00000000,0.00000000,0.00000000,0.00000000,0.00000000,0.00000000,0.00000000,0.00000000
TF-IDF,title_tokens,3,0.26554722,1.00000000,0.02272727,0.66666667,0.04545455,0.60000000,0.06818182,0.50000000,0.11363636
TF-IDF,title_tokens,4,0.10043103,0.00000000,0.00000000,0.33333333,0.12500000,0.20000000,0.12500000,0.20000000,0.25000000
TF-IDF,title_tokens,5,0.02326286,0.00000000,0.00000000,0.00000000,0.00000000,0.00000000,0.00000000,0.10000000,0.04166667
TF-IDF,title_tokens,6,0.00000000,0.00000000,0.00000000,0.00000000,0.00000000,0.00000000,0.00000000,0.00000000,0.00000000
TF-IDF,title_tokens,7,0.00620654,0.00000000,0.00000000,0.00000000,0.00000000,0.00000000,0.00000000,0.00000000,0.00000000
TF-IDF,title_tokens,8,0.00412953,0.00000000,0.00000000,0.00000000,0.00000000,0.00000000,0.00000000,0.00000000,0.00000000
TF-IDF,title_tokens,9,0.08960318,0.00000000,0.00000000,0.33333333,0.02941176,0.40000000,0.05882353,0.40000000,0.11764706
TF-IDF,title_tokens,10,0.07777875,0.00000000,0.00000000,0.33333333,0.03846154,0.20000000,0.03846154,0.10000000,0.03846154
TF-IDF,title_tokens,11,0.09388964,0.00000000,0.00000000,0.00000000,0.00000000,0.00000000,0.00000000,0.20000000,0.01574803
TF-IDF,title_tokens,12,0.05760719,0.00000000,0.00000000,0.00000000,0.00000000,0.00000000,0.00000000,0.20000000,0.15384615
TF-IDF,title_tokens,13,0.23277764,1.00000000,0.01098901,0.33333333,0.01098901,0.60000000,0.03296703,0.70000000,0.07692308
TF-IDF,title_tokens,14,0.01587302,0.00000000,0.00000000,0.00000000,0.00000000,0.00000000,0.00000000,0.00000000,0.00000000
TF-IDF,title_tokens,15,0.09700645,0.00000000,0.00000000,0.00000000,0.00000000,0.40000000,0.02439024,0.40000000,0.04878049
TF-IDF,title_tokens,16,0.01112305,0.00000000,0.00000000,0.00000000,0.00000000,0.00000000,0.00000000,0.00000000,0.00000000
TF-IDF,title_tokens,17,0.00352910,0.00000000,0.00000000,0.00000000,0.00000000,0.00000000,0.00000000,0.00000000,0.00000000
TF-IDF,title_tokens,18,0.06779814,0.00000000,0.00000000,0.00000000,0.00000000,0.00000000,0.00000000,0.10000000,0.09090909
TF-IDF,title_tokens,19,0.06190684,1.00000000,0.01234568,0.66666667,0.02469136,0.40000000,0.02469136,0.40000000,0.04938272
TF-IDF,title_tokens,20,0.09789735,0.00000000,0.00000000,0.00000000,0.00000000,0.20000000,0.00694444,0.40000000,0.02777778
TF-IDF,title_tokens,21,0.01239458,0.00000000,0.00000000,0.00000000,0.00000000,0.20000000,0.04000000,0.10000000,0.04000000
TF-IDF,title_tokens,22,0.03528942,0.00000000,0.00000000,0.00000000,0.00000000,0.00000000,0.00000000,0.10000000,0.01886792
TF-IDF,title_tokens,23,0.04527416,0.00000000,0.00000000,0.00000000,0.00000000,0.00000000,0.00000000,0.20000000,0.04166667
TF-IDF,title_tokens,24,0.07224249,1.00000000,0.01923077,0.33333333,0.01923077,0.60000000,0.05769231,0.40000000,0.07692308
TF-IDF,title_tokens,25,0.03639830,0.00000000,0.00000000,0.00000000,0.00000000,0.00000000,0.00000000,0.00000000,0.00000000
TF-IDF,title_tokens,26,0.15237008,0.00000000,0.00000000,0.33333333,0.01785714,0.40000000,0.03571429,0.50000000,0.08928571
TF-IDF,title_tokens,27,0.13066477,0.00000000,0.00000000,0.33333333,0.00869565,0.20000000,0.00869565,0.20000000,0.01739130
TF-IDF,title_tokens,28,0.06605312,1.00000000,0.01666667,1.00000000,0.05000000,0.60000000,0.05000000,0.30000000,0.05000000
TF-IDF,title_tokens,29,0.02247571,0.00000000,0.00000000,0.33333333,0.02083333,0.20000000,0.02083333,0.20000000,0.04166667
TF-IDF,title_tokens,30,0.09429494,1.00000000,0.00746269,0.33333333,0.00746269,0.40000000,0.01492537,0.50000000,0.03731343
TF-IDF,title_tokens,31,0.03071299,0.00000000,0.00000000,0.33333333,0.01639344,0.20000000,0.01639344,0.10000000,0.01639344
TF-IDF,title_tokens,32,0.03659844,0.00000000,0.00000000,0.00000000,0.00000000,0.20000000,0.00854701,0.20000000,0.01709402
TF-IDF,title_tokens,33,0.02194194,0.00000000,0.00000000,0.00000000,0.00000000,0.00000000,0.00000000,0.00000000,0.00000000
TF-IDF,title_tokens,34,0.01620213,0.00000000,0.00000000,0.33333333,0.02631579,0.20000000,0.02631579,0.10000000,0.02631579
TF-IDF,title_tokens,35,0.08441962,0.00000000,0.00000000,0.33333333,0.02325581,0.40000000,0.04651163,0.30000000,0.06976744
TF-IDF,title_tokens,37,0.04342367,0.00000000,0.00000000,0.00000000,0.00000000,0.00000000,0.00000000,0.20000000,0.05000000
TF-IDF,title_tokens,39,0.04207682,0.00000000,0.00000000,0.00000000,0.00000000,0.20000000,0.05555556,0.10000000,0.05555556
TF-IDF,title_tokens,41,0.00782754,0.00000000,0.00000000,0.00000000,0.00000000,0.00000000,0.00000000,0.00000000,0.00000000
TF-IDF,title_tokens,42,0.11430031,1.00000000,0.02000000,0.33333333,0.02000000,0.40000000,0.04000000,0.30000000,0.06000000
TF-IDF,title_tokens,43,0.08441334,0.00000000,0.00000000,0.33333333,0.07692308,0.20000000,0.07692308,0.10000000,0.07692308
TF-IDF,title_tokens,44,0.09612606,0.00000000,0.00000000,0.00000000,0.00000000,0.40000000,0.01290323,0.60000000,0.03870968
TF-IDF,title_tokens,45,0.08035349,1.00000000,0.01298701,0.66666667,0.02597403,0.40000000,0.02597403,0.40000000,0.05194805
TF-IDF,title_tokens,46,0.16606338,0.00000000,0.00000000,0.33333333,0.00862069,0.20000000,0.00862069,0.20000000,0.01724138
TF-IDF,title_tokens,49,0.05289124,0.00000000,0.00000000,0.00000000,0.00000000,0.20000000,0.02941176,0.20000000,0.05882353
TF-IDF,title_tokens,50,0.29996450,1.00000000,0.01123596,1.00000000,0.03370787,1.00000000,0.05617978,0.80000000,0.08988764
TF-IDF,title_tokens,52,0.29252335,1.00000000,0.06666667,0.33333333,0.06666667,0.40000000,0.13333333,0.50000000,0.33333333
TF-IDF,title_tokens,54,0.09705240,0.00000000,0.00000000,0.66666667,0.03921569,0.40000000,0.03921569,0.20000000,0.03921569
TF-IDF,title_tokens,55,0.37826845,1.00000000,0.05555556,1.00000000,0.16666667,0.80000000,0.22222222,0.40000000,0.22222222
TF-IDF,title_tokens,56,0.04953059,0.00000000,0.00000000,0.00000000,0.00000000,0.00000000,0.00000000,0.00000000,0.00000000
TF-IDF,title_tokens,57,0.02606440,0.00000000,0.00000000,0.00000000,0.00000000,0.00000000,0.00000000,0.00000000,0.00000000
TF-IDF,title_tokens,58,0.10779945,0.00000000,0.00000000,0.33333333,0.02173913,0.20000000,0.02173913,0.20000000,0.04347826
TF-IDF,title_tokens,61,0.00461041,0.00000000,0.00000000,0.00000000,0.00000000,0.00000000,0.00000000,0.00000000,0.00000000
TF-IDF,title_tokens,62,0.51066468,1.00000000,0.08333333,1.00000000,0.25000000,0.80000000,0.33333333,0.60000000,0.50000000
TF-IDF,title_tokens,65,0.02650819,0.00000000,0.00000000,0.00000000,0.00000000,0.00000000,0.00000000,0.00000000,0.00000000
TF-IDF,title_tokens,66,0.24188701,1.00000000,0.02857143,1.00000000,0.08571429,0.80000000,0.11428571,0.50000000,0.14285714
TF-IDF,title_tokens,67,0.05723189,0.00000000,0.00000000,0.00000000,0.00000000,0.00000000,0.00000000,0.00000000,0.00000000
TF-IDF,title_tokens,69,0.13796536,0.00000000,0.00000000,0.00000000,0.00000000,0.40000000,0.13333333,0.30000000,0.20000000
TF-IDF,title_tokens,71,0.03516408,0.00000000,0.00000000,0.00000000,0.00000000,0.00000000,0.00000000,0.00000000,0.00000000
TF-IDF,title_tokens,76,0.13995703,1.00000000,0.01666667,0.66666667,0.03333333,0.40000000,0.03333333,0.50000000,0.08333333
TF-IDF,title_tokens,79,0.11113599,1.00000000,0.09090909,0.33333333,0.09090909,0.20000000,0.09090909,0.10000000,0.09090909
TF-IDF,title_tokens,81,0.01429728,0.00000000,0.00000000,0.00000000,0.00000000,0.00000000,0.00000000,0.00000000,0.00000000
TF-IDF,title_tokens,82,0.01217637,0.00000000,0.00000000,0.00000000,0.00000000,0.00000000,0.00000000,0.00000000,0.00000000
TF-IDF,title_tokens,84,0.15465200,0.00000000,0.00000000,0.00000000,0.00000000,0.20000000,0.09090909,0.20000000,0.18181818
TF-IDF,title_tokens,90,0.09124962,0.00000000,0.00000000,0.00000000,0.00000000,0.20000000,0.01428571,0.20000000,0.02857143
TF-IDF,title_tokens,92,0.01548237,0.00000000,0.00000000,0.00000000,0.00000000,0.00000000,0.00000000,0.00000000,0.00000000
TF-IDF,title_tokens,95,0.05288425,0.00000000,0.00000000,0.33333333,0.09090909,0.20000000,0.09090909,0.20000000,0.18181818
TF-IDF,title_tokens,96,0.04361920,0.00000000,0.00000000,0.00000000,0.00000000,0.00000000,0.00000000,0.00000000,0.00000000
TF-IDF,title_tokens,97,0.03695344,0.00000000,0.00000000,0.00000000,0.00000000,0.00000000,0.00000000,0.10000000,0.16666667
TF-IDF,title_tokens,98,0.15337023,1.00000000,0.03448276,0.66666667,0.06896552,0.40000000,0.06896552,0.30000000,0.10344828
TF-IDF,title_tokens,99,0.09071188,0.00000000,0.00000000,0.33333333,0.02941176,0.40000000,0.05882353,0.20000000,0.05882353
TF-IDF,title_tokens,100,0.01038454,0.00000000,0.00000000,0.00000000,0.00000000,0.00000000,0.00000000,0.10000000,0.05555556
TF-IDF,title_tokens,101,0.00763359,0.00000000,0.00000000,0.00000000,0.00000000,0.00000000,0.00000000,0.00000000,0.00000000
TF-IDF,title_tokens,102,0.25592638,1.00000000,0.04166667,1.00000000,0.12500000,0.80000000,0.16666667,0.40000000,0.16666667
TF-IDF,title_tokens,104,0.05094591,0.00000000,0.00000000,0.00000000,0.00000000,0.00000000,0.00000000,0.10000000,0.09090909
TF-IDF,title_tokens,109,0.12058514,0.00000000,0.00000000,0.33333333,0.01408451,0.40000000,0.02816901,0.30000000,0.04225352
TF-IDF,title_tokens,111,0.33167116,1.00000000,0.16666667,0.66666667,0.33333333,0.40000000,0.33333333,0.20000000,0.33333333
TF-IDF,title_stemmed,1,0.29858475,0.00000000,0.00000000,0.66666667,0.04347826,0.60000000,0.06521739,0.60000000,0.13043478
TF-IDF,title_stemmed,2,0.02278615,0.00000000,0.00000000,0.00000000,0.00000000,0.00000000,0.00000000,0.00000000,0.00000000
TF-IDF,title_stemmed,3,0.28697806,1.00000000,0.02272727,0.66666667,0.04545455,0.60000000,0.06818182,0.60000000,0.13636364
TF-IDF,title_stemmed,4,0.09383718,0.00000000,0.00000000,0.00000000,0.00000000,0.20000000,0.12500000,0.20000000,0.25000000
TF-IDF,title_stemmed,5,0.08031784,1.00000000,0.04166667,0.33333333,0.04166667,0.40000000,0.08333333,0.20000000,0.08333333
TF-IDF,title_stemmed,6,0.00000000,0.00000000,0.00000000,0.00000000,0.00000000,0.00000000,0.00000000,0.00000000,0.00000000
TF-IDF,title_stemmed,7,0.00711434,0.00000000,0.00000000,0.00000000,0.00000000,0.00000000,0.00000000,0.00000000,0.00000000
TF-IDF,title_stemmed,8,0.00464506,0.00000000,0.00000000,0.00000000,0.00000000,0.00000000,0.00000000,0.00000000,0.00000000
TF-IDF,title_stemmed,9,0.06313303,0.00000000,0.00000000,0.33333333,0.02941176,0.20000000,0.02941176,0.20000000,0.05882353
TF-IDF,title_stemmed,10,0.21335478,1.00000000,0.03846154,1.00000000,0.11538462,0.80000000,0.15384615,0.50000000,0.19230769
TF-IDF,title_stemmed,11,0.12214369,1.00000000,0.00787402,0.33333333,0.00787402,0.20000000,0.00787402,0.10000000,0.00787402
TF-IDF,title_stemmed,12,0.12879911,1.00000000,0.07692308,0.33333333,0.07692308,0.20000000,0.07692308,0.20000000,0.15384615
TF-IDF,title_stemmed,13,0.24187213,1.00000000,0.01098901,0.33333333,0.01098901,0.40000000,0.02197802,0.60000000,0.06593407
TF-IDF,title_stemmed,14,0.01587302,0.00000000,0.00000000,0.00000000,0.00000000,0.00000000,0.00000000,0.00000000,0.00000000
TF-IDF,title_stemmed,15,0.11543222,0.00000000,0.00000000,0.00000000,0.00000000,0.00000000,0.00000000,0.20000000,0.02439024
TF-IDF,title_stemmed,16,0.01312645,0.00000000,0.00000000,0.00000000,0.00000000,0.00000000,0.00000000,0.00000000,0.00000000
TF-IDF,title_stemmed,17,0.00336807,0.00000000,0.00000000,0.00000000,0.00000000,0.00000000,0.00000000,0.00000000,0.00000000
TF-IDF,title_stemmed,18,0.07209865,0.00000000,0.00000000,0.00000000,0.00000000,0.00000000,0.00000000,0.20000000,0.18181818
TF-IDF,title_stemmed,19,0.13610915,0.00000000,0.00000000,0.33333333,0.01234568,0.40000000,0.02469136,0.40000000,0.04938272
TF-IDF,title_stemmed,20,0.11114417,0.00000000,0.00000000,0.00000000,0.00000000,0.20000000,0.00694444,0.10000000,0.00694444
TF-IDF,title_stemmed,21,0.02854945,0.00000000,0.00000000,0.00000000,0.00000000,0.00000000,0.00000000,0.10000000,0.04000000
TF-IDF,title_stemmed,22,0.02795580,0.00000000,0.00000000,0.00000000,0.00000000,0.00000000,0.00000000,0.00000000,0.00000000
TF-IDF,title_stemmed,23,0.09172206,0.00000000,0.00000000,0.00000000,0.00000000,0.00000000,0.00000000,0.10000000,0.02083333
TF-IDF,title_stemmed,24,0.13548764,1.00000000,0.01923077,0.33333333,0.01923077,0.40000000,0.03846154,0.40000000,0.07692308
TF-IDF,title_stemmed,25,0.04552946,0.00000000,0.00000000,0.00000000,0.00000000,0.00000000,0.00000000,0.10000000,0.03030303
TF-IDF,title_stemmed,26,0.21952198,1.00000000,0.01785714,1.00000000,0.05357143,0.80000000,0.07142857,0.50000000,0.08928571
TF-IDF,title_stemmed,27,0.15675079,0.00000000,0.00000000,0.00000000,0.00000000,0.20000000,0.00869565,0.10000000,0.00869565
TF-IDF,title_stemmed,28,0.07021165,1.00000000,0.01666667,0.66666667,0.03333333,0.40000000,0.03333333,0.30000000,0.05000000
TF-IDF,title_stemmed,29,0.11466601,0.00000000,0.00000000,0.00000000,0.00000000,0.20000000,0.02083333,0.40000000,0.08333333
TF-IDF,title_stemmed,30,0.17468954,1.00000000,0.00746269,0.33333333,0.00746269,0.40000000,0.01492537,0.40000000,0.02985075
TF-IDF,title_stemmed,31,0.07687515,0.00000000,0.00000000,0.33333333,0.01639344,0.20000000,0.01639344,0.30000000,0.04918033
TF-IDF,title_stemmed,32,0.11093362,0.00000000,0.00000000,0.33333333,0.00854701,0.40000000,0.01709402,0.50000000,0.04273504
TF-IDF,title_stemmed,33,0.01813725,0.00000000,0.00000000,0.00000000,0.00000000,0.00000000,0.00000000,0.00000000,0.00000000
TF-IDF,title_stemmed,34,0.05259233,0.00000000,0.00000000,0.00000000,0.00000000,0.00000000,0.00000000,0.20000000,0.05263158
TF-IDF,title_stemmed,35,0.11747891,0.00000000,0.00000000,0.33333333,0.02325581,0.40000000,0.04651163,0.40000000,0.09302326
TF-IDF,title_stemmed,37,0.06323600,0.00000000,0.00000000,0.00000000,0.00000000,0.00000000,0.00000000,0.10000000,0.02500000
TF-IDF,title_stemmed,39,0.03946375,0.00000000,0.00000000,0.00000000,0.00000000,0.00000000,0.00000000,0.10000000,0.05555556
TF-IDF,title_stemmed,41,0.01478837,0.00000000,0.00000000,0.00000000,0.00000000,0.00000000,0.00000000,0.00000000,0.00000000
TF-IDF,title_stemmed,42,0.10775074,1.00000000,0.02000000,0.33333333,0.02000000,0.40000000,0.04000000,0.30000000,0.06000000
TF-IDF,title_stemmed,43,0.02552448,0.00000000,0.00000000,0.00000000,0.00000000,0.00000000,0.00000000,0.00000000,0.00000000
TF-IDF,title_stemmed,44,0.11673895,0.00000000,0.00000000,0.33333333,0.00645161,0.20000000,0.00645161,0.40000000,0.02580645
TF-IDF,title_stemmed,45,0.11240754,1.00000000,0.01298701,0.33333333,0.01298701,0.20000000,0.01298701,0.30000000,0.03896104
TF-IDF,title_stemmed,46,0.19161419,1.00000000,0.00862069,0.33333333,0.00862069,0.40000000,0.01724138,0.30000000,0.02586207
TF-IDF,title_stemmed,49,0.03180773,0.00000000,0.00000000,0.00000000,0.00000000,0.00000000,0.00000000,0.00000000,0.00000000
TF-IDF,title_stemmed,50,0.31547084,0.00000000,0.00000000,0.66666667,0.02247191,0.80000000,0.04494382,0.70000000,0.07865169
TF-IDF,title_stemmed,52,0.28457818,1.00000000,0.06666667,0.66666667,0.13333333,0.40000000,0.13333333,0.20000000,0.13333333
TF-IDF,title_stemmed,54,0.15925040,0.00000000,0.00000000,0.66666667,0.03921569,0.80000000,0.07843137,0.40000000,0.07843137
TF-IDF,title_stemmed,55,0.40790950,1.00000000,0.05555556,1.00000000,0.16666667,1.00000000,0.27777778,0.50000000,0.27777778
TF-IDF,title_stemmed,56,0.03975577,0.00000000,0.00000000,0.00000000,0.00000000,0.00000000,0.00000000,0.00000000,0.00000000
TF-IDF,title_stemmed,57,0.03817162,0.00000000,0.00000000,0.00000000,0.00000000,0.00000000,0.00000000,0.00000000,0.00000000
TF-IDF,title_stemmed,58,0.25062757,1.00000000,0.02173913,0.66666667,0.04347826,0.80000000,0.08695652,0.60000000,0.13043478
TF-IDF,title_stemmed,61,0.01206051,0.00000000,0.00000000,0.00000000,0.00000000,0.00000000,0.00000000,0.00000000,0.00000000
TF-IDF,title_stemmed,62,0.35826347,1.00000000,0.08333333,0.33333333,0.08333333,0.60000000,0.25000000,0.60000000,0.50000000
TF-IDF,title_stemmed,65,0.11259737,0.00000000,0.00000000,0.00000000,0.00000000,0.20000000,0.07692308,0.20000000,0.15384615
TF-IDF,title_stemmed,66,0.40737433,1.00000000,0.02857143,1.00000000,0.08571429,0.80000000,0.11428571,0.70000000,0.20000000
TF-IDF,title_stemmed,67,0.04760180,0.00000000,0.00000000,0.00000000,0.00000000,0.00000000,0.00000000,0.00000000,0.00000000
TF-IDF,title_stemmed,69,0.08142918,0.00000000,0.00000000,0.00000000,0.00000000,0.20000000,0.06666667,0.20000000,0.13333333
TF-IDF,title_stemmed,71,0.03324416,0.00000000,0.00000000,0.00000000,0.00000000,0.00000000,0.00000000,0.10000000,0.03703704
TF-IDF,title_stemmed,76,0.25505546,1.00000000,0.01666667,0.66666667,0.03333333,0.60000000,0.05000000,0.60000000,0.10000000
TF-IDF,title_stemmed,79,0.19670130,1.00000000,0.09090909,0.66666667,0.18181818,0.40000000,0.18181818,0.20000000,0.18181818
TF-IDF,title_stemmed,81,0.01270766,0.00000000,0.00000000,0.00000000,0.00000000,0.00000000,0.00000000,0.00000000,0.00000000
TF-IDF,title_stemmed,82,0.05269801,0.00000000,0.00000000,0.33333333,0.10000000,0.20000000,0.10000000,0.10000000,0.10000000
TF-IDF,title_stemmed,84,0.09880341,0.00000000,0.00000000,0.00000000,0.00000000,0.00000000,0.00000000,0.00000000,0.00000000
TF-IDF,title_stemmed,90,0.08190124,0.00000000,0.00000000,0.00000000,0.00000000,0.00000000,0.00000000,0.10000000,0.01428571
TF-IDF,title_stemmed,92,0.02339863,0.00000000,0.00000000,0.00000000,0.00000000,0.00000000,0.00000000,0.00000000,0.00000000
TF-IDF,title_stemmed,95,0.08408084,0.00000000,0.00000000,0.33333333,0.09090909,0.20000000,0.09090909,0.20000000,0.18181818
TF-IDF,title_stemmed,96,0.01953040,0.00000000,0.00000000,0.00000000,0.00000000,0.00000000,0.00000000,0.00000000,0.00000000
TF-IDF,title_stemmed,97,0.25268137,1.00000000,0.16666667,0.33333333,0.16666667,0.40000000,0.33333333,0.20000000,0.33333333
TF-IDF,title_stemmed,98,0.16358651,1.00000000,0.03448276,0.66666667,0.06896552,0.40000000,0.06896552,0.30000000,0.10344828
TF-IDF,title_stemmed,99,0.14237580,1.00000000,0.02941176,0.66666667,0.05882353,0.40000000,0.05882353,0.20000000,0.05882353
TF-IDF,title_stemmed,100,0.01137913,0.00000000,0.00000000,0.00000000,0.00000000,0.00000000,0.00000000,0.00000000,0.00000000
TF-IDF,title_stemmed,101,0.00512821,0.00000000,0.00000000,0.00000000,0.00000000,0.00000000,0.00000000,0.00000000,0.00000000
TF-IDF,title_stemmed,102,0.23310578,1.00000000,0.04166667,0.66666667,0.08333333,0.40000000,0.08333333,0.50000000,0.20833333
TF-IDF,title_stemmed,104,0.03619932,0.00000000,0.00000000,0.00000000,0.00000000,0.00000000,0.00000000,0.00000000,0.00000000
TF-IDF,title_stemmed,109,0.10389359,0.00000000,0.00000000,0.00000000,0.00000000,0.00000000,0.00000000,0.20000000,0.02816901
TF-IDF,title_stemmed,111,0.26411595,1.00000000,0.16666667,0.33333333,0.16666667,0.20000000,0.16666667,0.20000000,0.33333333
TF-IDF,title_lemmatized,1,0.30459118,0.00000000,0.00000000,0.33333333,0.02173913,0.60000000,0.06521739,0.60000000,0.13043478
TF-IDF,title_lemmatized,2,0.00856971,0.00000000,0.00000000,0.00000000,0.00000000,0.00000000,0.00000000,0.00000000,0.00000000
TF-IDF,title_lemmatized,3,0.29516377,1.00000000,0.02272727,0.66666667,0.04545455,0.60000000,0.06818182,0.60000000,0.13636364
TF-IDF,title_lemmatized,4,0.06965894,0.00000000,0.00000000,0.33333333,0.12500000,0.20000000,0.12500000,0.10000000,0.12500000
TF-IDF,title_lemmatized,5,0.04186370,0.00000000,0.00000000,0.33333333,0.04166667,0.20000000,0.04166667,0.20000000,0.08333333
TF-IDF,title_lemmatized,6,0.00000000,0.00000000,0.00000000,0.00000000,0.00000000,0.00000000,0.00000000,0.00000000,0.00000000
TF-IDF,title_lemmatized,7,0.00972150,0.00000000,0.00000000,0.00000000,0.00000000,0.00000000,0.00000000,0.00000000,0.00000000
TF-IDF,title_lemmatized,8,0.00524724,0.00000000,0.00000000,0.00000000,0.00000000,0.00000000,0.00000000,0.00000000,0.00000000
TF-IDF,title_lemmatized,9,0.06057482,0.00000000,0.00000000,0.33333333,0.02941176,0.20000000,0.02941176,0.20000000,0.05882353
TF-IDF,title_lemmatized,10,0.07383547,0.00000000,0.00000000,0.33333333,0.03846154,0.20000000,0.03846154,0.10000000,0.03846154
TF-IDF,title_lemmatized,11,0.11642784,1.00000000,0.00787402,0.33333333,0.00787402,0.20000000,0.00787402,0.10000000,0.00787402
TF-IDF,title_lemmatized,12,0.12750944,1.00000000,0.07692308,0.33333333,0.07692308,0.20000000,0.07692308,0.20000000,0.15384615
TF-IDF,title_lemmatized,13,0.23443201,1.00000000,0.01098901,0.33333333,0.01098901,0.40000000,0.02197802,0.60000000,0.06593407
TF-IDF,title_lemmatized,14,0.01587302,0.00000000,0.00000000,0.00000000,0.00000000,0.00000000,0.00000000,0.00000000,0.00000000
TF-IDF,title_lemmatized,15,0.12470410,0.00000000,0.00000000,0.00000000,0.00000000,0.20000000,0.01219512,0.40000000,0.04878049
TF-IDF,title_lemmatized,16,0.01220390,0.00000000,0.00000000,0.00000000,0.00000000,0.00000000,0.00000000,0.00000000,0.00000000
TF-IDF,title_lemmatized,17,0.00347505,0.00000000,0.00000000,0.00000000,0.00000000,0.00000000,0.00000000,0.00000000,0.00000000
TF-IDF,title_lemmatized,18,0.10207496,0.00000000,0.00000000,0.00000000,0.00000000,0.40000000,0.18181818,0.20000000,0.18181818
TF-IDF,title_lemmatized,19,0.10239518,1.00000000,0.01234568,0.66666667,0.02469136,0.40000000,0.02469136,0.30000000,0.03703704
TF-IDF,title_lemmatized,20,0.09714102,0.00000000,0.00000000,0.00000000,0.00000000,0.20000000,0.00694444,0.20000000,0.01388889
TF-IDF,title_lemmatized,21,0.02715138,0.00000000,0.00000000,0.00000000,0.00000000,0.00000000,0.00000000,0.10000000,0.04000000
TF-IDF,title_lemmatized,22,0.03158792,0.00000000,0.00000000,0.00000000,0.00000000,0.00000000,0.00000000,0.00000000,0.00000000
TF-IDF,title_lemmatized,23,0.08835277,0.00000000,0.00000000,0.00000000,0.00000000,0.00000000,0.00000000,0.20000000,0.04166667
TF-IDF,title_lemmatized,24,0.06617651,1.00000000,0.01923077,0.33333333,0.01923077,0.40000000,0.03846154,0.40000000,0.07692308
TF-IDF,title_lemmatized,25,0.04563168,0.00000000,0.00000000,0.00000000,0.00000000,0.00000000,0.00000000,0.10000000,0.03030303
TF-IDF,title_lemmatized,26,0.24281897,1.00000000,0.01785714,0.66666667,0.03571429,0.60000000,0.05357143,0.60000000,0.10714286
TF-IDF,title_lemmatized,27,0.13465480,0.00000000,0.00000000,0.33333333,0.00869565,0.20000000,0.00869565,0.20000000,0.01739130
TF-IDF,title_lemmatized,28,0.07650012,1.00000000,0.01666667,0.66666667,0.03333333,0.60000000,0.05000000,0.30000000,0.05000000
TF-IDF,title_lemmatized,29,0.06081304,1.00000000,0.02083333,0.33333333,0.02083333,0.20000000,0.02083333,0.30000000,0.06250000
TF-IDF,title_lemmatized,30,0.17272898,1.00000000,0.00746269,0.33333333,0.00746269,0.40000000,0.01492537,0.40000000,0.02985075
TF-IDF,title_lemmatized,31,0.04413639,0.00000000,0.00000000,0.00000000,0.00000000,0.20000000,0.01639344,0.10000000,0.01639344
TF-IDF,title_lemmatized,32,0.10697202,0.00000000,0.00000000,0.66666667,0.01709402,0.60000000,0.02564103,0.40000000,0.03418803
TF-IDF,title_lemmatized,33,0.01919288,0.00000000,0.00000000,0.00000000,0.00000000,0.00000000,0.00000000,0.00000000,0.00000000
TF-IDF,title_lemmatized,34,0.04462867,0.00000000,0.00000000,0.33333333,0.02631579,0.20000000,0.02631579,0.20000000,0.05263158
TF-IDF,title_lemmatized,35,0.12024963,0.00000000,0.00000000,0.33333333,0.02325581,0.40000000,0.04651163,0.40000000,0.09302326
TF-IDF,title_lemmatized,37,0.06557840,0.00000000,0.00000000,0.00000000,0.00000000,0.00000000,0.00000000,0.10000000,0.02500000
TF-IDF,title_lemmatized,39,0.04138587,0.00000000,0.00000000,0.00000000,0.00000000,0.20000000,0.05555556,0.10000000,0.05555556
TF-IDF,title_lemmatized,41,0.00386662,0.00000000,0.00000000,0.00000000,0.00000000,0.00000000,0.00000000,0.00000000,0.00000000
TF-IDF,title_lemmatized,42,0.10781051,1.00000000,0.02000000,0.33333333,0.02000000,0.20000000,0.02000000,0.30000000,0.06000000
TF-IDF,title_lemmatized,43,0.04721646,0.00000000,0.00000000,0.00000000,0.00000000,0.00000000,0.00000000,0.10000000,0.07692308
TF-IDF,title_lemmatized,44,0.11659582,0.00000000,0.00000000,0.00000000,0.00000000,0.00000000,0.00000000,0.40000000,0.02580645
TF-IDF,title_lemmatized,45,0.13117177,1.00000000,0.01298701,0.33333333,0.01298701,0.40000000,0.02597403,0.30000000,0.03896104
TF-IDF,title_lemmatized,46,0.17008593,1.00000000,0.00862069,0.66666667,0.01724138,0.40000000,0.01724138,0.30000000,0.02586207
TF-IDF,title_lemmatized,49,0.03252896,0.00000000,0.00000000,0.00000000,0.00000000,0.00000000,0.00000000,0.10000000,0.02941176
TF-IDF,title_lemmatized,50,0.31924132,0.00000000,0.00000000,0.66666667,0.02247191,0.80000000,0.04494382,0.80000000,0.08988764
TF-IDF,title_lemmatized,52,0.28722832,1.00000000,0.06666667,0.33333333,0.06666667,0.60000000,0.20000000,0.40000000,0.26666667
TF-IDF,title_lemmatized,54,0.15394198,0.00000000,0.00000000,0.66666667,0.03921569,0.60000000,0.05882353,0.30000000,0.05882353
TF-IDF,title_lemmatized,55,0.36533949,1.00000000,0.05555556,1.00000000,0.16666667,0.80000000,0.22222222,0.40000000,0.22222222
TF-IDF,title_lemmatized,56,0.04750107,0.00000000,0.00000000,0.00000000,0.00000000,0.00000000,0.00000000,0.10000000,0.02222222
TF-IDF,title_lemmatized,57,0.02289534,0.00000000,0.00000000,0.00000000,0.00000000,0.00000000,0.00000000,0.00000000,0.00000000
TF-IDF,title_lemmatized,58,0.21164278,1.00000000,0.02173913,0.66666667,0.04347826,0.60000000,0.06521739,0.50000000,0.10869565
TF-IDF,title_lemmatized,61,0.00431423,0.00000000,0.00000000,0.00000000,0.00000000,0.00000000,0.00000000,0.00000000,0.00000000
TF-IDF,title_lemmatized,62,0.38340054,1.00000000,0.08333333,0.66666667,0.16666667,0.60000000,0.25000000,0.60000000,0.50000000
TF-IDF,title_lemmatized,65,0.03323529,0.00000000,0.00000000,0.00000000,0.00000000,0.00000000,0.00000000,0.00000000,0.00000000
TF-IDF,title_lemmatized,66,0.35962286,1.00000000,0.02857143,1.00000000,0.08571429,0.80000000,0.11428571,0.60000000,0.17142857
TF-IDF,title_lemmatized,67,0.05932158,0.00000000,0.00000000,0.00000000,0.00000000,0.00000000,0.00000000,0.00000000,0.00000000
TF-IDF,title_lemmatized,69,0.14098934,0.00000000,0.00000000,0.00000000,0.00000000,0.20000000,0.06666667,0.40000000,0.26666667
TF-IDF,title_lemmatized,71,0.04260253,0.00000000,0.00000000,0.00000000,0.00000000,0.00000000,0.00000000,0.20000000,0.07407407
TF-IDF,title_lemmatized,76,0.23081183,1.00000000,0.01666667,0.66666667,0.03333333,0.60000000,0.05000000,0.40000000,0.06666667
TF-IDF,title_lemmatized,79,0.17020789,1.00000000,0.09090909,0.66666667,0.18181818,0.40000000,0.18181818,0.20000000,0.18181818
TF-IDF,title_lemmatized,81,0.01298109,0.00000000,0.00000000,0.00000000,0.00000000,0.00000000,0.00000000,0.00000000,0.00000000
TF-IDF,title_lemmatized,82,0.01134245,0.00000000,0.00000000,0.00000000,0.00000000,0.00000000,0.00000000,0.00000000,0.00000000
TF-IDF,title_lemmatized,84,0.09247583,0.00000000,0.00000000,0.00000000,0.00000000,0.00000000,0.00000000,0.10000000,0.09090909
TF-IDF,title_lemmatized,90,0.07875109,0.00000000,0.00000000,0.00000000,0.00000000,0.00000000,0.00000000,0.10000000,0.01428571
TF-IDF,title_lemmatized,92,0.01916631,0.00000000,0.00000000,0.00000000,0.00000000,0.00000000,0.00000000,0.00000000,0.00000000
TF-IDF,title_lemmatized,95,0.08515910,0.00000000,0.00000000,0.33333333,0.09090909,0.40000000,0.18181818,0.20000000,0.18181818
TF-IDF,title_lemmatized,96,0.02560045,0.00000000,0.00000000,0.00000000,0.00000000,0.00000000,0.00000000,0.00000000,0.00000000
TF-IDF,title_lemmatized,97,0.10537032,0.00000000,0.00000000,0.33333333,0.16666667,0.20000000,0.16666667,0.10000000,0.16666667
TF-IDF,title_lemmatized,98,0.15159387,1.00000000,0.03448276,0.66666667,0.06896552,0.40000000,0.06896552,0.20000000,0.06896552
TF-IDF,title_lemmatized,99,0.15526592,1.00000000,0.02941176,0.66666667,0.05882353,0.40000000,0.05882353,0.20000000,0.05882353
TF-IDF,title_lemmatized,100,0.01102120,0.00000000,0.00000000,0.00000000,0.00000000,0.00000000,0.00000000,0.00000000,0.00000000
TF-IDF,title_lemmatized,101,0.00781250,0.00000000,0.00000000,0.00000000,0.00000000,0.00000000,0.00000000,0.00000000,0.00000000
TF-IDF,title_lemmatized,102,0.24421075,1.00000000,0.04166667,0.66666667,0.08333333,0.60000000,0.12500000,0.50000000,0.20833333
TF-IDF,title_lemmatized,104,0.03628283,0.00000000,0.00000000,0.00000000,0.00000000,0.00000000,0.00000000,0.00000000,0.00000000
TF-IDF,title_lemmatized,109,0.10380350,0.00000000,0.00000000,0.00000000,0.00000000,0.00000000,0.00000000,0.10000000,0.01408451
TF-IDF,title_lemmatized,111,0.20303030,0.00000000,0.00000000,0.33333333,0.16666667,0.40000000,0.33333333,0.20000000,0.33333333
TF-IDF,author_tokens,1,0.00000000,0.00000000,0.00000000,0.00000000,0.00000000,0.00000000,0.00000000,0.00000000,0.00000000
TF-IDF,author_tokens,2,0.00000000,0.00000000,0.00000000,0.00000000,0.00000000,0.00000000,0.00000000,0.00000000,0.00000000
TF-IDF,author_tokens,3,0.00000000,0.00000000,0.00000000,0.00000000,0.00000000,0.00000000,0.00000000,0.00000000,0.00000000
TF-IDF,author_tokens,4,0.00000000,0.00000000,0.00000000,0.00000000,0.00000000,0.00000000,0.00000000,0.00000000,0.00000000
TF-IDF,author_tokens,5,0.00000000,0.00000000,0.00000000,0.00000000,0.00000000,0.00000000,0.00000000,0.00000000,0.00000000
TF-IDF,author_tokens,6,0.00000000,0.00000000,0.00000000,0.00000000,0.00000000,0.00000000,0.00000000,0.00000000,0.00000000
TF-IDF,author_tokens,7,0.00000000,0.00000000,0.00000000,0.00000000,0.00000000,0.00000000,0.00000000,0.00000000,0.00000000
TF-IDF,author_tokens,8,0.00000000,0.00000000,0.00000000,0.00000000,0.00000000,0.00000000,0.00000000,0.00000000,0.00000000
TF-IDF,author_tokens,9,0.00000000,0.00000000,0.00000000,0.00000000,0.00000000,0.00000000,0.00000000,0.00000000,0.00000000
TF-IDF,author_tokens,10,0.00000000,0.00000000,0.00000000,0.00000000,0.00000000,0.00000000,0.00000000,0.00000000,0.00000000
TF-IDF,author_tokens,11,0.00000000,0.00000000,0.00000000,0.00000000,0.00000000,0.00000000,0.00000000,0.00000000,0.00000000
TF-IDF,author_tokens,12,0.00000000,0.00000000,0.00000000,0.00000000,0.00000000,0.00000000,0.00000000,0.00000000,0.00000000
TF-IDF,author_tokens,13,0.00000000,0.00000000,0.00000000,0.00000000,0.00000000,0.00000000,0.00000000,0.00000000,0.00000000
TF-IDF,author_tokens,14,0.00000000,0.00000000,0.00000000,0.00000000,0.00000000,0.00000000,0.00000000,0.00000000,0.00000000
TF-IDF,author_tokens,15,0.00000000,0.00000000,0.00000000,0.00000000,0.00000000,0.00000000,0.00000000,0.00000000,0.00000000
TF-IDF,author_tokens,16,0.00000000,0.00000000,0.00000000,0.00000000,0.00000000,0.00000000,0.00000000,0.00000000,0.00000000
TF-IDF,author_tokens,17,0.00000000,0.00000000,0.00000000,0.00000000,0.00000000,0.00000000,0.00000000,0.00000000,0.00000000
TF-IDF,author_tokens,18,0.00000000,0.00000000,0.00000000,0.00000000,0.00000000,0.00000000,0.00000000,0.00000000,0.00000000
TF-IDF,author_tokens,19,0.00000000,0.00000000,0.00000000,0.00000000,0.00000000,0.00000000,0.00000000,0.00000000,0.00000000
TF-IDF,author_tokens,20,0.00000000,0.00000000,0.00000000,0.00000000,0.00000000,0.00000000,0.00000000,0.00000000,0.00000000
TF-IDF,author_tokens,21,0.00000000,0.00000000,0.00000000,0.00000000,0.00000000,0.00000000,0.00000000,0.00000000,0.00000000
TF-IDF,author_tokens,22,0.00000000,0.00000000,0.00000000,0.00000000,0.00000000,0.00000000,0.00000000,0.00000000,0.00000000
TF-IDF,author_tokens,23,0.00000000,0.00000000,0.00000000,0.00000000,0.00000000,0.00000000,0.00000000,0.00000000,0.00000000
TF-IDF,author_tokens,24,0.00000000,0.00000000,0.00000000,0.00000000,0.00000000,0.00000000,0.00000000,0.00000000,0.00000000
TF-IDF,author_tokens,25,0.00000000,0.00000000,0.00000000,0.00000000,0.00000000,0.00000000,0.00000000,0.00000000,0.00000000
TF-IDF,author_tokens,26,0.00000000,0.00000000,0.00000000,0.00000000,0.00000000,0.00000000,0.00000000,0.00000000,0.00000000
TF-IDF,author_tokens,27,0.00000000,0.00000000,0.00000000,0.00000000,0.00000000,0.00000000,0.00000000,0.00000000,0.00000000
TF-IDF,author_tokens,28,0.00000000,0.00000000,0.00000000,0.00000000,0.00000000,0.00000000,0.00000000,0.00000000,0.00000000
TF-IDF,author_tokens,29,0.00000000,0.00000000,0.00000000,0.00000000,0.00000000,0.00000000,0.00000000,0.00000000,0.00000000
TF-IDF,author_tokens,30,0.00000000,0.00000000,0.00000000,0.00000000,0.00000000,0.00000000,0.00000000,0.00000000,0.00000000
TF-IDF,author_tokens,31,0.00000000,0.00000000,0.00000000,0.00000000,0.00000000,0.00000000,0.00000000,0.00000000,0.00000000
TF-IDF,author_tokens,32,0.00000000,0.00000000,0.00000000,0.00000000,0.00000000,0.00000000,0.00000000,0.00000000,0.00000000
TF-IDF,author_tokens,33,0.00000000,0.00000000,0.00000000,0.00000000,0.00000000,0.00000000,0.00000000,0.00000000,0.00000000
TF-IDF,author_tokens,34,0.00000000,0.00000000,0.00000000,0.00000000,0.00000000,0.00000000,0.00000000,0.00000000,0.00000000
TF-IDF,author_tokens,35,0.00000000,0.00000000,0.00000000,0.00000000,0.00000000,0.00000000,0.00000000,0.00000000,0.00000000
TF-IDF,author_tokens,37,0.00000000,0.00000000,0.00000000,0.00000000,0.00000000,0.00000000,0.00000000,0.00000000,0.00000000
TF-IDF,author_tokens,39,0.00000000,0.00000000,0.00000000,0.00000000,0.00000000,0.00000000,0.00000000,0.00000000,0.00000000
TF-IDF,author_tokens,41,0.00000000,0.00000000,0.00000000,0.00000000,0.00000000,0.00000000,0.00000000,0.00000000,0.00000000
TF-IDF,author_tokens,42,0.00000000,0.00000000,0.00000000,0.00000000,0.00000000,0.00000000,0.00000000,0.00000000,0.00000000
TF-IDF,author_tokens,43,0.00000000,0.00000000,0.00000000,0.00000000,0.00000000,0.00000000,0.00000000,0.00000000,0.00000000
TF-IDF,author_tokens,44,0.00000000,0.00000000,0.00000000,0.00000000,0.00000000,0.00000000,0.00000000,0.00000000,0.00000000
TF-IDF,author_tokens,45,0.00000000,0.00000000,0.00000000,0.00000000,0.00000000,0.00000000,0.00000000,0.00000000,0.00000000
TF-IDF,author_tokens,46,0.00000000,0.00000000,0.00000000,0.00000000,0.00000000,0.00000000,0.00000000,0.00000000,0.00000000
TF-IDF,author_tokens,49,0.00000000,0.00000000,0.00000000,0.00000000,0.00000000,0.00000000,0.00000000,0.00000000,0.00000000
TF-IDF,author_tokens,50,0.00000000,0.00000000,0.00000000,0.00000000,0.00000000,0.00000000,0.00000000,0.00000000,0.00000000
TF-IDF,author_tokens,52,0.00000000,0.00000000,0.00000000,0.00000000,0.00000000,0.00000000,0.00000000,0.00000000,0.00000000
TF-IDF,author_tokens,54,0.00000000,0.00000000,0.00000000,0.00000000,0.00000000,0.00000000,0.00000000,0.00000000,0.00000000
TF-IDF,author_tokens,55,0.00000000,0.00000000,0.00000000,0.00000000,0.00000000,0.00000000,0.00000000,0.00000000,0.00000000
TF-IDF,author_tokens,56,0.00000000,0.00000000,0.00000000,0.00000000,0.00000000,0.00000000,0.00000000,0.00000000,0.00000000
TF-IDF,author_tokens,57,0.00000000,0.00000000,0.00000000,0.00000000,0.00000000,0.00000000,0.00000000,0.00000000,0.00000000
TF-IDF,author_tokens,58,0.01482213,0.00000000,0.00000000,0.33333333,0.02173913,0.20000000,0.02173913,0.10000000,0.02173913
TF-IDF,author_tokens,61,0.00000000,0.00000000,0.00000000,0.00000000,0.00000000,0.00000000,0.00000000,0.00000000,0.00000000
TF-IDF,author_tokens,62,0.00000000,0.00000000,0.00000000,0.00000000,0.00000000,0.00000000,0.00000000,0.00000000,0.00000000
TF-IDF,author_tokens,65,0.00000000,0.00000000,0.00000000,0.00000000,0.00000000,0.00000000,0.00000000,0.00000000,0.00000000
TF-IDF,author_tokens,66,0.00092166,0.00000000,0.00000000,0.00000000,0.00000000,0.00000000,0.00000000,0.00000000,0.00000000
TF-IDF,author_tokens,67,0.00000000,0.00000000,0.00000000,0.00000000,0.00000000,0.00000000,0.00000000,0.00000000,0.00000000
TF-IDF,author_tokens,69,0.00000000,0.00000000,0.00000000,0.00000000,0.00000000,0.00000000,0.00000000,0.00000000,0.00000000
TF-IDF,author_tokens,71,0.00794987,0.00000000,0.00000000,0.00000000,0.00000000,0.00000000,0.00000000,0.00000000,0.00000000
TF-IDF,author_tokens,76,0.00833333,0.00000000,0.00000000,0.33333333,0.01666667,0.20000000,0.01666667,0.10000000,0.01666667
TF-IDF,author_tokens,79,0.00000000,0.00000000,0.00000000,0.00000000,0.00000000,0.00000000,0.00000000,0.00000000,0.00000000
TF-IDF,author_tokens,81,0.00000000,0.00000000,0.00000000,0.00000000,0.00000000,0.00000000,0.00000000,0.00000000,0.00000000
TF-IDF,author_tokens,82,0.00000000,0.00000000,0.00000000,0.00000000,0.00000000,0.00000000,0.00000000,0.00000000,0.00000000
TF-IDF,author_tokens,84,0.00578236,0.00000000,0.00000000,0.00000000,0.00000000,0.00000000,0.00000000,0.00000000,0.00000000
TF-IDF,author_tokens,90,0.00644749,0.00000000,0.00000000,0.00000000,0.00000000,0.00000000,0.00000000,0.00000000,0.00000000
TF-IDF,author_tokens,92,0.11096491,1.00000000,0.02631579,1.00000000,0.07894737,0.80000000,0.10526316,0.40000000,0.10526316
TF-IDF,author_tokens,95,0.00000000,0.00000000,0.00000000,0.00000000,0.00000000,0.00000000,0.00000000,0.00000000,0.00000000
TF-IDF,author_tokens,96,0.00000000,0.00000000,0.00000000,0.00000000,0.00000000,0.00000000,0.00000000,0.00000000,0.00000000
TF-IDF,author_tokens,97,0.00000000,0.00000000,0.00000000,0.00000000,0.00000000,0.00000000,0.00000000,0.00000000,0.00000000
TF-IDF,author_tokens,98,0.00000000,0.00000000,0.00000000,0.00000000,0.00000000,0.00000000,0.00000000,0.00000000,0.00000000
TF-IDF,author_tokens,99,0.00000000,0.00000000,0.00000000,0.00000000,0.00000000,0.00000000,0.00000000,0.00000000,0.00000000
TF-IDF,author_tokens,100,0.00000000,0.00000000,0.00000000,0.00000000,0.00000000,0.00000000,0.00000000,0.00000000,0.00000000
TF-IDF,author_tokens,101,0.00000000,0.00000000,0.00000000,0.00000000,0.00000000,0.00000000,0.00000000,0.00000000,0.00000000
TF-IDF,author_tokens,102,0.01937322,0.00000000,0.00000000,0.00000000,0.00000000,0.00000000,0.00000000,0.10000000,0.04166667
TF-IDF,author_tokens,104,0.00000000,0.00000000,0.00000000,0.00000000,0.00000000,0.00000000,0.00000000,0.00000000,0.00000000
TF-IDF,author_tokens,109,0.02431508,0.00000000,0.00000000,0.00000000,0.00000000,0.00000000,0.00000000,0.40000000,0.05633803
TF-IDF,author_tokens,111,0.00000000,0.00000000,0.00000000,0.00000000,0.00000000,0.00000000,0.00000000,0.00000000,0.00000000
TF-IDF,author_stemmed,1,0.00000000,0.00000000,0.00000000,0.00000000,0.00000000,0.00000000,0.00000000,0.00000000,0.00000000
TF-IDF,author_stemmed,2,0.00000000,0.00000000,0.00000000,0.00000000,0.00000000,0.00000000,0.00000000,0.00000000,0.00000000
TF-IDF,author_stemmed,3,0.00000000,0.00000000,0.00000000,0.00000000,0.00000000,0.00000000,0.00000000,0.00000000,0.00000000
TF-IDF,author_stemmed,4,0.00000000,0.00000000,0.00000000,0.00000000,0.00000000,0.00000000,0.00000000,0.00000000,0.00000000
TF-IDF,author_stemmed,5,0.00000000,0.00000000,0.00000000,0.00000000,0.00000000,0.00000000,0.00000000,0.00000000,0.00000000
TF-IDF,author_stemmed,6,0.00000000,0.00000000,0.00000000,0.00000000,0.00000000,0.00000000,0.00000000,0.00000000,0.00000000
TF-IDF,author_stemmed,7,0.00000000,0.00000000,0.00000000,0.00000000,0.00000000,0.00000000,0.00000000,0.00000000,0.00000000
TF-IDF,author_stemmed,8,0.00000000,0.00000000,0.00000000,0.00000000,0.00000000,0.00000000,0.00000000,0.00000000,0.00000000
TF-IDF,author_stemmed,9,0.00000000,0.00000000,0.00000000,0.00000000,0.00000000,0.00000000,0.00000000,0.00000000,0.00000000
TF-IDF,author_stemmed,10,0.00000000,0.00000000,0.00000000,0.00000000,0.00000000,0.00000000,0.00000000,0.00000000,0.00000000
TF-IDF,author_stemmed,11,0.00000000,0.00000000,0.00000000,0.00000000,0.00000000,0.00000000,0.00000000,0.00000000,0.00000000
TF-IDF,author_stemmed,12,0.00000000,0.00000000,0.00000000,0.00000000,0.00000000,0.00000000,0.00000000,0.00000000,0.00000000
TF-IDF,author_stemmed,13,0.00000000,0.00000000,0.00000000,0.00000000,0.00000000,0.00000000,0.00000000,0.00000000,0.00000000
TF-IDF,author_stemmed,14,0.00000000,0.00000000,0.00000000,0.00000000,0.00000000,0.00000000,0.00000000,0.00000000,0.00000000
TF-IDF,author_stemmed,15,0.00000000,0.00000000,0.00000000,0.00000000,0.00000000,0.00000000,0.00000000,0.00000000,0.00000000
TF-IDF,author_stemmed,16,0.00000000,0.00000000,0.00000000,0.00000000,0.00000000,0.00000000,0.00000000,0.00000000,0.00000000
TF-IDF,author_stemmed,17,0.00000000,0.00000000,0.00000000,0.00000000,0.00000000,0.00000000,0.00000000,0.00000000,0.00000000
TF-IDF,author_stemmed,18,0.00000000,0.00000000,0.00000000,0.00000000,0.00000000,0.00000000,0.00000000,0.00000000,0.00000000
TF-IDF,author_stemmed,19,0.00000000,0.00000000,0.00000000,0.00000000,0.00000000,0.00000000,0.00000000,0.00000000,0.00000000
TF-IDF,author_stemmed,20,0.00000000,0.00000000,0.00000000,0.00000000,0.00000000,0.00000000,0.00000000,0.00000000,0.00000000
TF-IDF,author_stemmed,21,0.00000000,0.00000000,0.00000000,0.00000000,0.00000000,0.00000000,0.00000000,0.00000000,0.00000000
TF-IDF,author_stemmed,22,0.00000000,0.00000000,0.00000000,0.00000000,0.00000000,0.00000000,0.00000000,0.00000000,0.00000000
TF-IDF,author_stemmed,23,0.00000000,0.00000000,0.00000000,0.00000000,0.00000000,0.00000000,0.00000000,0.00000000,0.00000000
TF-IDF,author_stemmed,24,0.00000000,0.00000000,0.00000000,0.00000000,0.00000000,0.00000000,0.00000000,0.00000000,0.00000000
TF-IDF,author_stemmed,25,0.00000000,0.00000000,0.00000000,0.00000000,0.00000000,0.00000000,0.00000000,0.00000000,0.00000000
TF-IDF,author_stemmed,26,0.00000000,0.00000000,0.00000000,0.00000000,0.00000000,0.00000000,0.00000000,0.00000000,0.00000000
TF-IDF,author_stemmed,27,0.00000000,0.00000000,0.00000000,0.00000000,0.00000000,0.00000000,0.00000000,0.00000000,0.00000000
TF-IDF,author_stemmed,28,0.00000000,0.00000000,0.00000000,0.00000000,0.00000000,0.00000000,0.00000000,0.00000000,0.00000000
TF-IDF,author_stemmed,29,0.00000000,0.00000000,0.00000000,0.00000000,0.00000000,0.00000000,0.00000000,0.00000000,0.00000000
TF-IDF,author_stemmed,30,0.00000000,0.00000000,0.00000000,0.00000000,0.00000000,0.00000000,0.00000000,0.00000000,0.00000000
TF-IDF,author_stemmed,31,0.00000000,0.00000000,0.00000000,0.00000000,0.00000000,0.00000000,0.00000000,0.00000000,0.00000000
TF-IDF,author_stemmed,32,0.00000000,0.00000000,0.00000000,0.00000000,0.00000000,0.00000000,0.00000000,0.00000000,0.00000000
TF-IDF,author_stemmed,33,0.00000000,0.00000000,0.00000000,0.00000000,0.00000000,0.00000000,0.00000000,0.00000000,0.00000000
TF-IDF,author_stemmed,34,0.00000000,0.00000000,0.00000000,0.00000000,0.00000000,0.00000000,0.00000000,0.00000000,0.00000000
TF-IDF,author_stemmed,35,0.00000000,0.00000000,0.00000000,0.00000000,0.00000000,0.00000000,0.00000000,0.00000000,0.00000000
TF-IDF,author_stemmed,37,0.00000000,0.00000000,0.00000000,0.00000000,0.00000000,0.00000000,0.00000000,0.00000000,0.00000000
TF-IDF,author_stemmed,39,0.00000000,0.00000000,0.00000000,0.00000000,0.00000000,0.00000000,0.00000000,0.00000000,0.00000000
TF-IDF,author_stemmed,41,0.00000000,0.00000000,0.00000000,0.00000000,0.00000000,0.00000000,0.00000000,0.00000000,0.00000000
TF-IDF,author_stemmed,42,0.00000000,0.00000000,0.00000000,0.00000000,0.00000000,0.00000000,0.00000000,0.00000000,0.00000000
TF-IDF,author_stemmed,43,0.00000000,0.00000000,0.00000000,0.00000000,0.00000000,0.00000000,0.00000000,0.00000000,0.00000000
TF-IDF,author_stemmed,44,0.00000000,0.00000000,0.00000000,0.00000000,0.00000000,0.00000000,0.00000000,0.00000000,0.00000000
TF-IDF,author_stemmed,45,0.00000000,0.00000000,0.00000000,0.00000000,0.00000000,0.00000000,0.00000000,0.00000000,0.00000000
TF-IDF,author_stemmed,46,0.00000000,0.00000000,0.00000000,0.00000000,0.00000000,0.00000000,0.00000000,0.00000000,0.00000000
TF-IDF,author_stemmed,49,0.00000000,0.00000000,0.00000000,0.00000000,0.00000000,0.00000000,0.00000000,0.00000000,0.00000000
TF-IDF,author_stemmed,50,0.00000000,0.00000000,0.00000000,0.00000000,0.00000000,0.00000000,0.00000000,0.00000000,0.00000000
TF-IDF,author_stemmed,52,0.00000000,0.00000000,0.00000000,0.00000000,0.00000000,0.00000000,0.00000000,0.00000000,0.00000000
TF-IDF,author_stemmed,54,0.00000000,0.00000000,0.00000000,0.00000000,0.00000000,0.00000000,0.00000000,0.00000000,0.00000000
TF-IDF,author_stemmed,55,0.00000000,0.00000000,0.00000000,0.00000000,0.00000000,0.00000000,0.00000000,0.00000000,0.00000000
TF-IDF,author_stemmed,56,0.00000000,0.00000000,0.00000000,0.00000000,0.00000000,0.00000000,0.00000000,0.00000000,0.00000000
TF-IDF,author_stemmed,57,0.00000000,0.00000000,0.00000000,0.00000000,0.00000000,0.00000000,0.00000000,0.00000000,0.00000000
TF-IDF,author_stemmed,58,0.01482213,0.00000000,0.00000000,0.33333333,0.02173913,0.20000000,0.02173913,0.10000000,0.02173913
TF-IDF,author_stemmed,61,0.00000000,0.00000000,0.00000000,0.00000000,0.00000000,0.00000000,0.00000000,0.00000000,0.00000000
TF-IDF,author_stemmed,62,0.00000000,0.00000000,0.00000000,0.00000000,0.00000000,0.00000000,0.00000000,0.00000000,0.00000000
TF-IDF,author_stemmed,65,0.00000000,0.00000000,0.00000000,0.00000000,0.00000000,0.00000000,0.00000000,0.00000000,0.00000000
TF-IDF,author_stemmed,66,0.00092166,0.00000000,0.00000000,0.00000000,0.00000000,0.00000000,0.00000000,0.00000000,0.00000000
TF-IDF,author_stemmed,67,0.00000000,0.00000000,0.00000000,0.00000000,0.00000000,0.00000000,0.00000000,0.00000000,0.00000000
TF-IDF,author_stemmed,69,0.00000000,0.00000000,0.00000000,0.00000000,0.00000000,0.00000000,0.00000000,0.00000000,0.00000000
TF-IDF,author_stemmed,71,0.00794987,0.00000000,0.00000000,0.00000000,0.00000000,0.00000000,0.00000000,0.00000000,0.00000000
TF-IDF,author_stemmed,76,0.00555556,0.00000000,0.00000000,0.33333333,0.01666667,0.20000000,0.01666667,0.10000000,0.01666667
TF-IDF,author_stemmed,79,0.00000000,0.00000000,0.00000000,0.00000000,0.00000000,0.00000000,0.00000000,0.00000000,0.00000000
TF-IDF,author_stemmed,81,0.00000000,0.00000000,0.00000000,0.00000000,0.00000000,0.00000000,0.00000000,0.00000000,0.00000000
TF-IDF,author_stemmed,82,0.00000000,0.00000000,0.00000000,0.00000000,0.00000000,0.00000000,0.00000000,0.00000000,0.00000000
TF-IDF,author_stemmed,84,0.00578236,0.00000000,0.00000000,0.00000000,0.00000000,0.00000000,0.00000000,0.00000000,0.00000000
TF-IDF,author_stemmed,90,0.00528429,0.00000000,0.00000000,0.00000000,0.00000000,0.00000000,0.00000000,0.00000000,0.00000000
TF-IDF,author_stemmed,92,0.10355619,1.00000000,0.02631579,1.00000000,0.07894737,0.80000000,0.10526316,0.40000000,0.10526316
TF-IDF,author_stemmed,95,0.00000000,0.00000000,0.00000000,0.00000000,0.00000000,0.00000000,0.00000000,0.00000000,0.00000000
TF-IDF,author_stemmed,96,0.00000000,0.00000000,0.00000000,0.00000000,0.00000000,0.00000000,0.00000000,0.00000000,0.00000000
TF-IDF,author_stemmed,97,0.00000000,0.00000000,0.00000000,0.00000000,0.00000000,0.00000000,0.00000000,0.00000000,0.00000000
TF-IDF,author_stemmed,98,0.00000000,0.00000000,0.00000000,0.00000000,0.00000000,0.00000000,0.00000000,0.00000000,0.00000000
TF-IDF,author_stemmed,99,0.00000000,0.00000000,0.00000000,0.00000000,0.00000000,0.00000000,0.00000000,0.00000000,0.00000000
TF-IDF,author_stemmed,100,0.00000000,0.00000000,0.00000000,0.00000000,0.00000000,0.00000000,0.00000000,0.00000000,0.00000000
TF-IDF,author_stemmed,101,0.00000000,0.00000000,0.00000000,0.00000000,0.00000000,0.00000000,0.00000000,0.00000000,0.00000000
TF-IDF,author_stemmed,102,0.01937322,0.00000000,0.00000000,0.00000000,0.00000000,0.00000000,0.00000000,0.10000000,0.04166667
TF-IDF,author_stemmed,104,0.00000000,0.00000000,0.00000000,0.00000000,0.00000000,0.00000000,0.00000000,0.00000000,0.00000000
TF-IDF,author_stemmed,109,0.02431508,0.00000000,0.00000000,0.00000000,0.00000000,0.00000000,0.00000000,0.40000000,0.05633803
TF-IDF,author_stemmed,111,0.00000000,0.00000000,0.00000000,0.00000000,0.00000000,0.00000000,0.00000000,0.00000000,0.00000000
TF-IDF,author_lemmatized,1,0.00000000,0.00000000,0.00000000,0.00000000,0.00000000,0.00000000,0.00000000,0.00000000,0.00000000
TF-IDF,author_lemmatized,2,0.00000000,0.00000000,0.00000000,0.00000000,0.00000000,0.00000000,0.00000000,0.00000000,0.00000000
TF-IDF,author_lemmatized,3,0.00000000,0.00000000,0.00000000,0.00000000,0.00000000,0.00000000,0.00000000,0.00000000,0.00000000
TF-IDF,author_lemmatized,4,0.00000000,0.00000000,0.00000000,0.00000000,0.00000000,0.00000000,0.00000000,0.00000000,0.00000000
TF-IDF,author_lemmatized,5,0.00000000,0.00000000,0.00000000,0.00000000,0.00000000,0.00000000,0.00000000,0.00000000,0.00000000
TF-IDF,author_lemmatized,6,0.00000000,0.00000000,0.00000000,0.00000000,0.00000000,0.00000000,0.00000000,0.00000000,0.00000000
TF-IDF,author_lemmatized,7,0.00000000,0.00000000,0.00000000,0.00000000,0.00000000,0.00000000,0.00000000,0.00000000,0.00000000
TF-IDF,author_lemmatized,8,0.00000000,0.00000000,0.00000000,0.00000000,0.00000000,0.00000000,0.00000000,0.00000000,0.00000000
TF-IDF,author_lemmatized,9,0.00000000,0.00000000,0.00000000,0.00000000,0.00000000,0.00000000,0.00000000,0.00000000,0.00000000
TF-IDF,author_lemmatized,10,0.00000000,0.00000000,0.00000000,0.00000000,0.00000000,0.00000000,0.00000000,0.00000000,0.00000000
TF-IDF,author_lemmatized,11,0.00000000,0.00000000,0.00000000,0.00000000,0.00000000,0.00000000,0.00000000,0.00000000,0.00000000
TF-IDF,author_lemmatized,12,0.00000000,0.00000000,0.00000000,0.00000000,0.00000000,0.00000000,0.00000000,0.00000000,0.00000000
TF-IDF,author_lemmatized,13,0.00000000,0.00000000,0.00000000,0.00000000,0.00000000,0.00000000,0.00000000,0.00000000,0.00000000
TF-IDF,author_lemmatized,14,0.00000000,0.00000000,0.00000000,0.00000000,0.00000000,0.00000000,0.00000000,0.00000000,0.00000000
TF-IDF,author_lemmatized,15,0.00000000,0.00000000,0.00000000,0.00000000,0.00000000,0.00000000,0.00000000,0.00000000,0.00000000
TF-IDF,author_lemmatized,16,0.00000000,0.00000000,0.00000000,0.00000000,0.00000000,0.00000000,0.00000000,0.00000000,0.00000000
TF-IDF,author_lemmatized,17,0.00000000,0.00000000,0.00000000,0.00000000,0.00000000,0.00000000,0.00000000,0.00000000,0.00000000
TF-IDF,author_lemmatized,18,0.00000000,0.00000000,0.00000000,0.00000000,0.00000000,0.00000000,0.00000000,0.00000000,0.00000000
TF-IDF,author_lemmatized,19,0.00000000,0.00000000,0.00000000,0.00000000,0.00000000,0.00000000,0.00000000,0.00000000,0.00000000
TF-IDF,author_lemmatized,20,0.00000000,0.00000000,0.00000000,0.00000000,0.00000000,0.00000000,0.00000000,0.00000000,0.00000000
TF-IDF,author_lemmatized,21,0.00000000,0.00000000,0.00000000,0.00000000,0.00000000,0.00000000,0.00000000,0.00000000,0.00000000
TF-IDF,author_lemmatized,22,0.00000000,0.00000000,0.00000000,0.00000000,0.00000000,0.00000000,0.00000000,0.00000000,0.00000000
TF-IDF,author_lemmatized,23,0.00000000,0.00000000,0.00000000,0.00000000,0.00000000,0.00000000,0.00000000,0.00000000,0.00000000
TF-IDF,author_lemmatized,24,0.00000000,0.00000000,0.00000000,0.00000000,0.00000000,0.00000000,0.00000000,0.00000000,0.00000000
TF-IDF,author_lemmatized,25,0.00000000,0.00000000,0.00000000,0.00000000,0.00000000,0.00000000,0.00000000,0.00000000,0.00000000
TF-IDF,author_lemmatized,26,0.00000000,0.00000000,0.00000000,0.00000000,0.00000000,0.00000000,0.00000000,0.00000000,0.00000000
TF-IDF,author_lemmatized,27,0.00000000,0.00000000,0.00000000,0.00000000,0.00000000,0.00000000,0.00000000,0.00000000,0.00000000
TF-IDF,author_lemmatized,28,0.00000000,0.00000000,0.00000000,0.00000000,0.00000000,0.00000000,0.00000000,0.00000000,0.00000000
TF-IDF,author_lemmatized,29,0.00000000,0.00000000,0.00000000,0.00000000,0.00000000,0.00000000,0.00000000,0.00000000,0.00000000
TF-IDF,author_lemmatized,30,0.00000000,0.00000000,0.00000000,0.00000000,0.00000000,0.00000000,0.00000000,0.00000000,0.00000000
TF-IDF,author_lemmatized,31,0.00000000,0.00000000,0.00000000,0.00000000,0.00000000,0.00000000,0.00000000,0.00000000,0.00000000
TF-IDF,author_lemmatized,32,0.00000000,0.00000000,0.00000000,0.00000000,0.00000000,0.00000000,0.00000000,0.00000000,0.00000000
TF-IDF,author_lemmatized,33,0.00000000,0.00000000,0.00000000,0.00000000,0.00000000,0.00000000,0.00000000,0.00000000,0.00000000
TF-IDF,author_lemmatized,34,0.00000000,0.00000000,0.00000000,0.00000000,0.00000000,0.00000000,0.00000000,0.00000000,0.00000000
TF-IDF,author_lemmatized,35,0.00000000,0.00000000,0.00000000,0.00000000,0.00000000,0.00000000,0.00000000,0.00000000,0.00000000
TF-IDF,author_lemmatized,37,0.00000000,0.00000000,0.00000000,0.00000000,0.00000000,0.00000000,0.00000000,0.00000000,0.00000000
TF-IDF,author_lemmatized,39,0.00000000,0.00000000,0.00000000,0.00000000,0.00000000,0.00000000,0.00000000,0.00000000,0.00000000
TF-IDF,author_lemmatized,41,0.00000000,0.00000000,0.00000000,0.00000000,0.00000000,0.00000000,0.00000000,0.00000000,0.00000000
TF-IDF,author_lemmatized,42,0.00000000,0.00000000,0.00000000,0.00000000,0.00000000,0.00000000,0.00000000,0.00000000,0.00000000
TF-IDF,author_lemmatized,43,0.00000000,0.00000000,0.00000000,0.00000000,0.00000000,0.00000000,0.00000000,0.00000000,0.00000000
TF-IDF,author_lemmatized,44,0.00000000,0.00000000,0.00000000,0.00000000,0.00000000,0.00000000,0.00000000,0.00000000,0.00000000
TF-IDF,author_lemmatized,45,0.00000000,0.00000000,0.00000000,0.00000000,0.00000000,0.00000000,0.00000000,0.00000000,0.00000000
TF-IDF,author_lemmatized,46,0.00000000,0.00000000,0.00000000,0.00000000,0.00000000,0.00000000,0.00000000,0.00000000,0.00000000
TF-IDF,author_lemmatized,49,0.00000000,0.00000000,0.00000000,0.00000000,0.00000000,0.00000000,0.00000000,0.00000000,0.00000000
TF-IDF,author_lemmatized,50,0.00000000,0.00000000,0.00000000,0.00000000,0.00000000,0.00000000,0.00000000,0.00000000,0.00000000
TF-IDF,author_lemmatized,52,0.00000000,0.00000000,0.00000000,0.00000000,0.00000000,0.00000000,0.00000000,0.00000000,0.00000000
TF-IDF,author_lemmatized,54,0.00000000,0.00000000,0.00000000,0.00000000,0.00000000,0.00000000,0.00000000,0.00000000,0.00000000
TF-IDF,author_lemmatized,55,0.00000000,0.00000000,0.00000000,0.00000000,0.00000000,0.00000000,0.00000000,0.00000000,0.00000000
TF-IDF,author_lemmatized,56,0.00000000,0.00000000,0.00000000,0.00000000,0.00000000,0.00000000,0.00000000,0.00000000,0.00000000
TF-IDF,author_lemmatized,57,0.00000000,0.00000000,0.00000000,0.00000000,0.00000000,0.00000000,0.00000000,0.00000000,0.00000000
TF-IDF,author_lemmatized,58,0.01482213,0.00000000,0.00000000,0.33333333,0.02173913,0.20000000,0.02173913,0.10000000,0.02173913
TF-IDF,author_lemmatized,61,0.00000000,0.00000000,0.00000000,0.00000000,0.00000000,0.00000000,0.00000000,0.00000000,0.00000000
TF-IDF,author_lemmatized,62,0.00000000,0.00000000,0.00000000,0.00000000,0.00000000,0.00000000,0.00000000,0.00000000,0.00000000
TF-IDF,author_lemmatized,65,0.00000000,0.00000000,0.00000000,0.00000000,0.00000000,0.00000000,0.00000000,0.00000000,0.00000000
TF-IDF,author_lemmatized,66,0.00092166,0.00000000,0.00000000,0.00000000,0.00000000,0.00000000,0.00000000,0.00000000,0.00000000
TF-IDF,author_lemmatized,67,0.00000000,0.00000000,0.00000000,0.00000000,0.00000000,0.00000000,0.00000000,0.00000000,0.00000000
TF-IDF,author_lemmatized,69,0.00000000,0.00000000,0.00000000,0.00000000,0.00000000,0.00000000,0.00000000,0.00000000,0.00000000
TF-IDF,author_lemmatized,71,0.00794987,0.00000000,0.00000000,0.00000000,0.00000000,0.00000000,0.00000000,0.00000000,0.00000000
TF-IDF,author_lemmatized,76,0.00833333,0.00000000,0.00000000,0.33333333,0.01666667,0.20000000,0.01666667,0.10000000,0.01666667
TF-IDF,author_lemmatized,79,0.00000000,0.00000000,0.00000000,0.00000000,0.00000000,0.00000000,0.00000000,0.00000000,0.00000000
TF-IDF,author_lemmatized,81,0.00000000,0.00000000,0.00000000,0.00000000,0.00000000,0.00000000,0.00000000,0.00000000,0.00000000
TF-IDF,author_lemmatized,82,0.00000000,0.00000000,0.00000000,0.00000000,0.00000000,0.00000000,0.00000000,0.00000000,0.00000000
TF-IDF,author_lemmatized,84,0.00578236,0.00000000,0.00000000,0.00000000,0.00000000,0.00000000,0.00000000,0.00000000,0.00000000
TF-IDF,author_lemmatized,90,0.00528429,0.00000000,0.00000000,0.00000000,0.00000000,0.00000000,0.00000000,0.00000000,0.00000000
TF-IDF,author_lemmatized,92,0.11096491,1.00000000,0.02631579,1.00000000,0.07894737,0.80000000,0.10526316,0.40000000,0.10526316
TF-IDF,author_lemmatized,95,0.00000000,0.00000000,0.00000000,0.00000000,0.00000000,0.00000000,0.00000000,0.00000000,0.00000000
TF-IDF,author_lemmatized,96,0.00000000,0.00000000,0.00000000,0.00000000,0.00000000,0.00000000,0.00000000,0.00000000,0.00000000
TF-IDF,author_lemmatized,97,0.00000000,0.00000000,0.00000000,0.00000000,0.00000000,0.00000000,0.00000000,0.00000000,0.00000000
TF-IDF,author_lemmatized,98,0.00000000,0.00000000,0.00000000,0.00000000,0.00000000,0.00000000,0.00000000,0.00000000,0.00000000
TF-IDF,author_lemmatized,99,0.00000000,0.00000000,0.00000000,0.00000000,0.00000000,0.00000000,0.00000000,0.00000000,0.00000000
TF-IDF,author_lemmatized,100,0.00000000,0.00000000,0.00000000,0.00000000,0.00000000,0.00000000,0.00000000,0.00000000,0.00000000
TF-IDF,author_lemmatized,101,0.00000000,0.00000000,0.00000000,0.00000000,0.00000000,0.00000000,0.00000000,0.00000000,0.00000000
TF-IDF,author_lemmatized,102,0.01937322,0.00000000,0.00000000,0.00000000,0.00000000,0.00000000,0.00000000,0.10000000,0.04166667
TF-IDF,author_lemmatized,104,0.00000000,0.00000000,0.00000000,0.00000000,0.00000000,0.00000000,0.00000000,0.00000000,0.00000000
TF-IDF,author_lemmatized,109,0.02431508,0.00000000,0.00000000,0.00000000,0.00000000,0.00000000,0.00000000,0.40000000,0.05633803
TF-IDF,author_lemmatized,111,0.00000000,0.00000000,0.00000000,0.00000000,0.00000000,0.00000000,0.00000000,0.00000000,0.00000000
TF-IDF,text_tokens,1,0.30937829,1.00000000,0.02173913,0.66666667,0.04347826,0.60000000,0.06521739,0.50000000,0.10869565
TF-IDF,text_tokens,2,0.02571161,0.00000000,0.00000000,0.00000000,0.00000000,0.00000000,0.00000000,0.00000000,0.00000000
TF-IDF,text_tokens,3,0.23705768,1.00000000,0.02272727,0.66666667,0.04545455,0.60000000,0.06818182,0.40000000,0.09090909
TF-IDF,text_tokens,4,0.08349317,0.00000000,0.00000000,0.00000000,0.00000000,0.20000000,0.12500000,0.10000000,0.12500000
TF-IDF,text_tokens,5,0.03709330,0.00000000,0.00000000,0.00000000,0.00000000,0.00000000,0.00000000,0.00000000,0.00000000
TF-IDF,text_tokens,6,0.02439024,0.00000000,0.00000000,0.00000000,0.00000000,0.00000000,0.00000000,0.00000000,0.00000000
TF-IDF,text_tokens,7,0.01737538,0.00000000,0.00000000,0.00000000,0.00000000,0.00000000,0.00000000,0.00000000,0.00000000
TF-IDF,text_tokens,8,0.02041181,0.00000000,0.00000000,0.00000000,0.00000000,0.00000000,0.00000000,0.00000000,0.00000000
TF-IDF,text_tokens,9,0.11264552,0.00000000,0.00000000,0.00000000,0.00000000,0.20000000,0.02941176,0.40000000,0.11764706
TF-IDF,text_tokens,10,0.13310205,0.00000000,0.00000000,0.33333333,0.03846154,0.40000000,0.07692308,0.30000000,0.11538462
TF-IDF,text_tokens,11,0.18499802,0.00000000,0.00000000,0.33333333,0.00787402,0.20000000,0.00787402,0.20000000,0.01574803
TF-IDF,text_tokens,12,0.06581422,0.00000000,0.00000000,0.00000000,0.00000000,0.20000000,0.07692308,0.20000000,0.15384615
TF-IDF,text_tokens,13,0.22957190,1.00000000,0.01098901,0.66666667,0.02197802,0.40000000,0.02197802,0.30000000,0.03296703
TF-IDF,text_tokens,14,0.00814001,0.00000000,0.00000000,0.00000000,0.00000000,0.00000000,0.00000000,0.00000000,0.00000000
TF-IDF,text_tokens,15,0.10277480,0.00000000,0.00000000,0.00000000,0.00000000,0.00000000,0.00000000,0.10000000,0.01219512
TF-IDF,text_tokens,16,0.04052448,0.00000000,0.00000000,0.00000000,0.00000000,0.00000000,0.00000000,0.00000000,0.00000000
TF-IDF,text_tokens,17,0.01854875,0.00000000,0.00000000,0.00000000,0.00000000,0.00000000,0.00000000,0.10000000,0.03846154
TF-IDF,text_tokens,18,0.12058782,0.00000000,0.00000000,0.00000000,0.00000000,0.20000000,0.09090909,0.10000000,0.09090909
TF-IDF,text_tokens,19,0.12663991,0.00000000,0.00000000,0.33333333,0.01234568,0.60000000,0.03703704,0.40000000,0.04938272
TF-IDF,text_tokens,20,0.10103461,1.00000000,0.00694444,0.33333333,0.00694444,0.40000000,0.01388889,0.20000000,0.01388889
TF-IDF,text_tokens,21,0.02284573,0.00000000,0.00000000,0.00000000,0.00000000,0.00000000,0.00000000,0.00000000,0.00000000
TF-IDF,text_tokens,22,0.07302356,0.00000000,0.00000000,0.00000000,0.00000000,0.00000000,0.00000000,0.00000000,0.00000000
TF-IDF,text_tokens,23,0.14012429,1.00000000,0.02083333,0.33333333,0.02083333,0.20000000,0.02083333,0.20000000,0.04166667
TF-IDF,text_tokens,24,0.21161736,1.00000000,0.01923077,1.00000000,0.05769231,0.80000000,0.07692308,0.60000000,0.11538462
TF-IDF,text_tokens,25,0.15406058,0.00000000,0.00000000,0.33333333,0.03030303,0.20000000,0.03030303,0.40000000,0.12121212
TF-IDF,text_tokens,26,0.25721589,1.00000000,0.01785714,1.00000000,0.05357143,0.80000000,0.07142857,0.70000000,0.12500000
TF-IDF,text_tokens,27,0.20663952,1.00000000,0.00869565,0.66666667,0.01739130,0.60000000,0.02608696,0.30000000,0.02608696
TF-IDF,text_tokens,28,0.08765574,0.00000000,0.00000000,0.66666667,0.03333333,0.40000000,0.03333333,0.20000000,0.03333333
TF-IDF,text_tokens,29,0.05667752,0.00000000,0.00000000,0.33333333,0.02083333,0.20000000,0.02083333,0.10000000,0.02083333
TF-IDF,text_tokens,30,0.34809245,1.00000000,0.00746269,1.00000000,0.02238806,1.00000000,0.03731343,0.90000000,0.06716418
TF-IDF,text_tokens,31,0.08311809,1.00000000,0.01639344,0.66666667,0.03278689,0.40000000,0.03278689,0.30000000,0.04918033
TF-IDF,text_tokens,32,0.08931990,0.00000000,0.00000000,0.00000000,0.00000000,0.00000000,0.00000000,0.10000000,0.00854701
TF-IDF,text_tokens,33,0.05817728,0.00000000,0.00000000,0.00000000,0.00000000,0.20000000,0.05000000,0.10000000,0.05000000
TF-IDF,text_tokens,34,0.09193616,0.00000000,0.00000000,0.00000000,0.00000000,0.40000000,0.05263158,0.40000000,0.10526316
TF-IDF,text_tokens,35,0.13549400,0.00000000,0.00000000,0.00000000,0.00000000,0.20000000,0.02325581,0.30000000,0.06976744
TF-IDF,text_tokens,37,0.06488683,0.00000000,0.00000000,0.00000000,0.00000000,0.00000000,0.00000000,0.20000000,0.05000000
TF-IDF,text_tokens,39,0.13175768,1.00000000,0.05555556,0.33333333,0.05555556,0.40000000,0.11111111,0.30000000,0.16666667
TF-IDF,text_tokens,41,0.04051131,0.00000000,0.00000000,0.00000000,0.00000000,0.00000000,0.00000000,0.00000000,0.00000000
TF-IDF,text_tokens,42,0.13988176,0.00000000,0.00000000,0.00000000,0.00000000,0.00000000,0.00000000,0.10000000,0.02000000
TF-IDF,text_tokens,43,0.04226323,0.00000000,0.00000000,0.00000000,0.00000000,0.20000000,0.07692308,0.10000000,0.07692308
TF-IDF,text_tokens,44,0.23050757,0.00000000,0.00000000,0.66666667,0.01290323,0.60000000,0.01935484,0.60000000,0.03870968
TF-IDF,text_tokens,45,0.11939198,0.00000000,0.00000000,0.00000000,0.00000000,0.20000000,0.01298701,0.20000000,0.02597403
TF-IDF,text_tokens,46,0.24108163,1.00000000,0.00862069,0.33333333,0.00862069,0.40000000,0.01724138,0.40000000,0.03448276
TF-IDF,text_tokens,49,0.07652007,0.00000000,0.00000000,0.33333333,0.02941176,0.20000000,0.02941176,0.20000000,0.05882353
TF-IDF,text_tokens,50,0.35036409,1.00000000,0.01123596,0.66666667,0.02247191,0.80000000,0.04494382,0.70000000,0.07865169
TF-IDF,text_tokens,52,0.51016256,1.00000000,0.06666667,0.66666667,0.13333333,0.80000000,0.26666667,0.70000000,0.46666667
TF-IDF,text_tokens,54,0.14047948,0.00000000,0.00000000,0.00000000,0.00000000,0.20000000,0.01960784,0.10000000,0.01960784
TF-IDF,text_tokens,55,0.59856413,1.00000000,0.05555556,1.00000000,0.16666667,1.00000000,0.27777778,0.90000000,0.50000000
TF-IDF,text_tokens,56,0.04906246,0.00000000,0.00000000,0.00000000,0.00000000,0.00000000,0.00000000,0.10000000,0.02222222
TF-IDF,text_tokens,57,0.07500316,0.00000000,0.00000000,0.33333333,0.05555556,0.20000000,0.05555556,0.20000000,0.11111111
TF-IDF,text_tokens,58,0.18127316,1.00000000,0.02173913,0.33333333,0.02173913,0.20000000,0.02173913,0.10000000,0.02173913
TF-IDF,text_tokens,61,0.12781889,1.00000000,0.09090909,0.33333333,0.09090909,0.20000000,0.09090909,0.20000000,0.18181818
TF-IDF,text_tokens,62,0.40526863,1.00000000,0.08333333,1.00000000,0.25000000,0.80000000,0.33333333,0.40000000,0.33333333
TF-IDF,text_tokens,65,0.15199236,0.00000000,0.00000000,0.66666667,0.15384615,0.40000000,0.15384615,0.20000000,0.15384615
TF-IDF,text_tokens,66,0.28085090,1.00000000,0.02857143,0.66666667,0.05714286,0.40000000,0.05714286,0.60000000,0.17142857
TF-IDF,text_tokens,67,0.10711133,0.00000000,0.00000000,0.00000000,0.00000000,0.00000000,0.00000000,0.20000000,0.06250000
TF-IDF,text_tokens,69,0.17980888,0.00000000,0.00000000,0.33333333,0.06666667,0.40000000,0.13333333,0.30000000,0.20000000
TF-IDF,text_tokens,71,0.21821921,1.00000000,0.03703704,0.66666667,0.07407407,0.60000000,0.11111111,0.30000000,0.11111111
TF-IDF,text_tokens,76,0.18557794,1.00000000,0.01666667,1.00000000,0.05000000,0.60000000,0.05000000,0.40000000,0.06666667
TF-IDF,text_tokens,79,0.25367581,1.00000000,0.09090909,0.66666667,0.18181818,0.40000000,0.18181818,0.30000000,0.27272727
TF-IDF,text_tokens,81,0.11998225,1.00000000,0.09090909,0.33333333,0.09090909,0.20000000,0.09090909,0.10000000,0.09090909
TF-IDF,text_tokens,82,0.03510322,0.00000000,0.00000000,0.00000000,0.00000000,0.00000000,0.00000000,0.00000000,0.00000000
TF-IDF,text_tokens,84,0.07440733,0.00000000,0.00000000,0.00000000,0.00000000,0.00000000,0.00000000,0.00000000,0.00000000
TF-IDF,text_tokens,90,0.14100966,0.00000000,0.00000000,0.33333333,0.01428571,0.40000000,0.02857143,0.30000000,0.04285714
TF-IDF,text_tokens,92,0.06909960,1.00000000,0.02631579,0.33333333,0.02631579,0.40000000,0.05263158,0.20000000,0.05263158
TF-IDF,text_tokens,95,0.06891289,0.00000000,0.00000000,0.33333333,0.09090909,0.20000000,0.09090909,0.10000000,0.09090909
TF-IDF,text_tokens,96,0.02626714,0.00000000,0.00000000,0.00000000,0.00000000,0.00000000,0.00000000,0.00000000,0.00000000
TF-IDF,text_tokens,97,0.30726057,1.00000000,0.16666667,0.66666667,0.33333333,0.40000000,0.33333333,0.20000000,0.33333333
TF-IDF,text_tokens,98,0.20724791,1.00000000,0.03448276,0.66666667,0.06896552,0.40000000,0.06896552,0.40000000,0.13793103
TF-IDF,text_tokens,99,0.11426452,0.00000000,0.00000000,0.33333333,0.02941176,0.20000000,0.02941176,0.20000000,0.05882353
TF-IDF,text_tokens,100,0.01893747,0.00000000,0.00000000,0.00000000,0.00000000,0.00000000,0.00000000,0.00000000,0.00000000
TF-IDF,text_tokens,101,0.07142857,0.00000000,0.00000000,0.00000000,0.00000000,0.00000000,0.00000000,0.00000000,0.00000000
TF-IDF,text_tokens,102,0.38430321,1.00000000,0.04166667,0.66666667,0.08333333,0.80000000,0.16666667,0.70000000,0.29166667
TF-IDF,text_tokens,104,0.04735400,0.00000000,0.00000000,0.00000000,0.00000000,0.00000000,0.00000000,0.10000000,0.09090909
TF-IDF,text_tokens,109,0.21930557,1.00000000,0.01408451,0.66666667,0.02816901,0.40000000,0.02816901,0.50000000,0.07042254
TF-IDF,text_tokens,111,0.32003992,1.00000000,0.16666667,0.33333333,0.16666667,0.40000000,0.33333333,0.20000000,0.33333333
TF-IDF,text_stemmed,1,0.32666598,1.00000000,0.02173913,0.66666667,0.04347826,0.80000000,0.08695652,0.50000000,0.10869565
TF-IDF,text_stemmed,2,0.03608555,0.00000000,0.00000000,0.00000000,0.00000000,0.00000000,0.00000000,0.10000000,0.03846154
TF-IDF,text_stemmed,3,0.29586510,1.00000000,0.02272727,0.66666667,0.04545455,0.80000000,0.09090909,0.60000000,0.13636364
TF-IDF,text_stemmed,4,0.08043499,0.00000000,0.00000000,0.00000000,0.00000000,0.00000000,0.00000000,0.10000000,0.12500000
TF-IDF,text_stemmed,5,0.03529439,0.00000000,0.00000000,0.00000000,0.00000000,0.00000000,0.00000000,0.00000000,0.00000000
TF-IDF,text_stemmed,6,0.01587302,0.00000000,0.00000000,0.00000000,0.00000000,0.00000000,0.00000000,0.00000000,0.00000000
TF-IDF,text_stemmed,7,0.01012524,0.00000000,0.00000000,0.00000000,0.00000000,0.00000000,0.00000000,0.00000000,0.00000000
TF-IDF,text_stemmed,8,0.02885421,0.00000000,0.00000000,0.00000000,0.00000000,0.00000000,0.00000000,0.00000000,0.00000000
TF-IDF,text_stemmed,9,0.12220765,0.00000000,0.00000000,0.33333333,0.02941176,0.20000000,0.02941176,0.30000000,0.08823529
TF-IDF,text_stemmed,10,0.19297524,0.00000000,0.00000000,0.66666667,0.07692308,0.60000000,0.11538462,0.40000000,0.15384615
TF-IDF,text_stemmed,11,0.20066642,0.00000000,0.00000000,0.00000000,0.00000000,0.20000000,0.00787402,0.40000000,0.03149606
TF-IDF,text_stemmed,12,0.07472514,0.00000000,0.00000000,0.00000000,0.00000000,0.20000000,0.07692308,0.20000000,0.15384615
TF-IDF,text_stemmed,13,0.22206430,1.00000000,0.01098901,0.33333333,0.01098901,0.20000000,0.01098901,0.10000000,0.01098901
TF-IDF,text_stemmed,14,0.00723440,0.00000000,0.00000000,0.00000000,0.00000000,0.00000000,0.00000000,0.00000000,0.00000000
TF-IDF,text_stemmed,15,0.15603342,0.00000000,0.00000000,0.33333333,0.01219512,0.20000000,0.01219512,0.20000000,0.02439024
TF-IDF,text_stemmed,16,0.05243486,0.00000000,0.00000000,0.00000000,0.00000000,0.00000000,0.00000000,0.10000000,0.03846154
TF-IDF,text_stemmed,17,0.02267632,0.00000000,0.00000000,0.00000000,0.00000000,0.20000000,0.03846154,0.10000000,0.03846154
TF-IDF,text_stemmed,18,0.08819945,0.00000000,0.00000000,0.00000000,0.00000000,0.00000000,0.00000000,0.10000000,0.09090909
TF-IDF,text_stemmed,19,0.26200302,0.00000000,0.00000000,0.33333333,0.01234568,0.40000000,0.02469136,0.50000000,0.06172840
TF-IDF,text_stemmed,20,0.14170472,0.00000000,0.00000000,0.00000000,0.00000000,0.20000000,0.00694444,0.10000000,0.00694444
TF-IDF,text_stemmed,21,0.02603514,0.00000000,0.00000000,0.00000000,0.00000000,0.00000000,0.00000000,0.00000000,0.00000000
TF-IDF,text_stemmed,22,0.06191639,0.00000000,0.00000000,0.00000000,0.00000000,0.00000000,0.00000000,0.00000000,0.00000000
TF-IDF,text_stemmed,23,0.12696395,0.00000000,0.00000000,0.33333333,0.02083333,0.20000000,0.02083333,0.20000000,0.04166667
TF-IDF,text_stemmed,24,0.28607034,1.00000000,0.01923077,1.00000000,0.05769231,1.00000000,0.09615385,0.80000000,0.15384615
TF-IDF,text_stemmed,25,0.15780579,0.00000000,0.00000000,0.33333333,0.03030303,0.40000000,0.06060606,0.40000000,0.12121212
TF-IDF,text_stemmed,26,0.33928987,1.00000000,0.01785714,0.66666667,0.03571429,0.80000000,0.07142857,0.60000000,0.10714286
TF-IDF,text_stemmed,27,0.24986523,1.00000000,0.00869565,0.33333333,0.00869565,0.40000000,0.01739130,0.20000000,0.01739130
TF-IDF,text_stemmed,28,0.11695584,0.00000000,0.00000000,0.33333333,0.01666667,0.20000000,0.01666667,0.20000000,0.03333333
TF-IDF,text_stemmed,29,0.16572056,0.00000000,0.00000000,0.33333333,0.02083333,0.20000000,0.02083333,0.20000000,0.04166667
TF-IDF,text_stemmed,30,0.40327431,1.00000000,0.00746269,1.00000000,0.02238806,0.80000000,0.02985075,0.90000000,0.06716418
TF-IDF,text_stemmed,31,0.13362660,0.00000000,0.00000000,0.33333333,0.01639344,0.40000000,0.03278689,0.30000000,0.04918033
TF-IDF,text_stemmed,32,0.18095771,1.00000000,0.00854701,0.66666667,0.01709402,0.40000000,0.01709402,0.40000000,0.03418803
TF-IDF,text_stemmed,33,0.04977159,0.00000000,0.00000000,0.00000000,0.00000000,0.00000000,0.00000000,0.10000000,0.05000000
TF-IDF,text_stemmed,34,0.22536182,1.00000000,0.02631579,0.66666667,0.05263158,0.80000000,0.10526316,0.50000000,0.13157895
TF-IDF,text_stemmed,35,0.10758418,0.00000000,0.00000000,0.00000000,0.00000000,0.20000000,0.02325581,0.20000000,0.04651163
TF-IDF,text_stemmed,37,0.18215266,1.00000000,0.02500000,0.33333333,0.02500000,0.40000000,0.05000000,0.50000000,0.12500000
TF-IDF,text_stemmed,39,0.12799883,1.00000000,0.05555556,0.33333333,0.05555556,0.40000000,0.11111111,0.20000000,0.11111111
TF-IDF,text_stemmed,41,0.07166632,0.00000000,0.00000000,0.00000000,0.00000000,0.00000000,0.00000000,0.10000000,0.09090909
TF-IDF,text_stemmed,42,0.12483491,0.00000000,0.00000000,0.00000000,0.00000000,0.00000000,0.00000000,0.10000000,0.02000000
TF-IDF,text_stemmed,43,0.03359051,0.00000000,0.00000000,0.00000000,0.00000000,0.00000000,0.00000000,0.00000000,0.00000000
TF-IDF,text_stemmed,44,0.26007328,0.00000000,0.00000000,0.66666667,0.01290323,0.80000000,0.02580645,0.70000000,0.04516129
TF-IDF,text_stemmed,45,0.13607059,0.00000000,0.00000000,0.33333333,0.01298701,0.20000000,0.01298701,0.30000000,0.03896104
TF-IDF,text_stemmed,46,0.27604574,1.00000000,0.00862069,0.66666667,0.01724138,0.60000000,0.02586207,0.40000000,0.03448276
TF-IDF,text_stemmed,49,0.08009614,0.00000000,0.00000000,0.00000000,0.00000000,0.00000000,0.00000000,0.20000000,0.05882353
TF-IDF,text_stemmed,50,0.35431138,1.00000000,0.01123596,0.66666667,0.02247191,0.60000000,0.03370787,0.60000000,0.06741573
TF-IDF,text_stemmed,52,0.45226330,1.00000000,0.06666667,0.66666667,0.13333333,0.60000000,0.20000000,0.60000000,0.40000000
TF-IDF,text_stemmed,54,0.16207019,0.00000000,0.00000000,0.00000000,0.00000000,0.20000000,0.01960784,0.20000000,0.03921569
TF-IDF,text_stemmed,55,0.60079956,1.00000000,0.05555556,1.00000000,0.16666667,1.00000000,0.27777778,0.90000000,0.50000000
TF-IDF,text_stemmed,56,0.06544129,0.00000000,0.00000000,0.00000000,0.00000000,0.00000000,0.00000000,0.10000000,0.02222222
TF-IDF,text_stemmed,57,0.06743978,0.00000000,0.00000000,0.00000000,0.00000000,0.20000000,0.05555556,0.10000000,0.05555556
TF-IDF,text_stemmed,58,0.33132905,1.00000000,0.02173913,0.66666667,0.04347826,0.60000000,0.06521739,0.60000000,0.13043478
TF-IDF,text_stemmed,61,0.12654437,1.00000000,0.09090909,0.33333333,0.09090909,0.20000000,0.09090909,0.10000000,0.09090909
TF-IDF,text_stemmed,62,0.39581832,1.00000000,0.08333333,1.00000000,0.25000000,0.60000000,0.25000000,0.40000000,0.33333333
TF-IDF,text_stemmed,65,0.32969765,1.00000000,0.07692308,0.66666667,0.15384615,0.60000000,0.23076923,0.50000000,0.38461538
TF-IDF,text_stemmed,66,0.43317825,1.00000000,0.02857143,1.00000000,0.08571429,0.80000000,0.11428571,0.70000000,0.20000000
TF-IDF,text_stemmed,67,0.13620815,0.00000000,0.00000000,0.33333333,0.03125000,0.20000000,0.03125000,0.20000000,0.06250000
TF-IDF,text_stemmed,69,0.15941118,0.00000000,0.00000000,0.66666667,0.13333333,0.40000000,0.13333333,0.20000000,0.13333333
TF-IDF,text_stemmed,71,0.20907476,1.00000000,0.03703704,0.66666667,0.07407407,0.40000000,0.07407407,0.30000000,0.11111111
TF-IDF,text_stemmed,76,0.42862907,1.00000000,0.01666667,1.00000000,0.05000000,1.00000000,0.08333333,0.90000000,0.15000000
TF-IDF,text_stemmed,79,0.25746318,1.00000000,0.09090909,0.66666667,0.18181818,0.40000000,0.18181818,0.30000000,0.27272727
TF-IDF,text_stemmed,81,0.13176670,1.00000000,0.09090909,0.33333333,0.09090909,0.20000000,0.09090909,0.20000000,0.18181818
TF-IDF,text_stemmed,82,0.15525315,0.00000000,0.00000000,0.33333333,0.10000000,0.40000000,0.20000000,0.20000000,0.20000000
TF-IDF,text_stemmed,84,0.07811941,0.00000000,0.00000000,0.00000000,0.00000000,0.00000000,0.00000000,0.00000000,0.00000000
TF-IDF,text_stemmed,90,0.10962931,0.00000000,0.00000000,0.33333333,0.01428571,0.20000000,0.01428571,0.10000000,0.01428571
TF-IDF,text_stemmed,92,0.09464446,1.00000000,0.02631579,0.33333333,0.02631579,0.40000000,0.05263158,0.30000000,0.07894737
TF-IDF,text_stemmed,95,0.07329424,0.00000000,0.00000000,0.33333333,0.09090909,0.20000000,0.09090909,0.10000000,0.09090909
TF-IDF,text_stemmed,96,0.01706160,0.00000000,0.00000000,0.00000000,0.00000000,0.00000000,0.00000000,0.00000000,0.00000000
TF-IDF,text_stemmed,97,0.49210993,1.00000000,0.16666667,0.66666667,0.33333333,0.40000000,0.33333333,0.30000000,0.50000000
TF-IDF,text_stemmed,98,0.27210749,1.00000000,0.03448276,0.66666667,0.06896552,0.60000000,0.10344828,0.40000000,0.13793103
TF-IDF,text_stemmed,99,0.19209880,1.00000000,0.02941176,0.33333333,0.02941176,0.20000000,0.02941176,0.40000000,0.11764706
TF-IDF,text_stemmed,100,0.02192423,0.00000000,0.00000000,0.00000000,0.00000000,0.00000000,0.00000000,0.00000000,0.00000000
TF-IDF,text_stemmed,101,0.06666667,0.00000000,0.00000000,0.00000000,0.00000000,0.00000000,0.00000000,0.00000000,0.00000000
TF-IDF,text_stemmed,102,0.36596373,0.00000000,0.00000000,0.66666667,0.08333333,0.60000000,0.12500000,0.70000000,0.29166667
TF-IDF,text_stemmed,104,0.04002254,0.00000000,0.00000000,0.00000000,0.00000000,0.00000000,0.00000000,0.10000000,0.09090909
TF-IDF,text_stemmed,109,0.17932310,0.00000000,0.00000000,0.33333333,0.01408451,0.20000000,0.01408451,0.40000000,0.05633803
TF-IDF,text_stemmed,111,0.51093964,1.00000000,0.16666667,0.66666667,0.33333333,0.60000000,0.50000000,0.30000000,0.50000000
TF-IDF,text_lemmatized,1,0.32289681,1.00000000,0.02173913,0.66666667,0.04347826,0.80000000,0.08695652,0.50000000,0.10869565
TF-IDF,text_lemmatized,2,0.02663376,0.00000000,0.00000000,0.00000000,0.00000000,0.00000000,0.00000000,0.00000000,0.00000000
TF-IDF,text_lemmatized,3,0.30168592,1.00000000,0.02272727,0.66666667,0.04545455,0.60000000,0.06818182,0.60000000,0.13636364
TF-IDF,text_lemmatized,4,0.07136821,0.00000000,0.00000000,0.00000000,0.00000000,0.00000000,0.00000000,0.10000000,0.12500000
TF-IDF,text_lemmatized,5,0.03412250,0.00000000,0.00000000,0.00000000,0.00000000,0.00000000,0.00000000,0.00000000,0.00000000
TF-IDF,text_lemmatized,6,0.02272727,0.00000000,0.00000000,0.00000000,0.00000000,0.00000000,0.00000000,0.00000000,0.00000000
TF-IDF,text_lemmatized,7,0.01714006,0.00000000,0.00000000,0.00000000,0.00000000,0.00000000,0.00000000,0.00000000,0.00000000
TF-IDF,text_lemmatized,8,0.02576822,0.00000000,0.00000000,0.00000000,0.00000000,0.00000000,0.00000000,0.00000000,0.00000000
TF-IDF,text_lemmatized,9,0.12108943,0.00000000,0.00000000,0.33333333,0.02941176,0.20000000,0.02941176,0.30000000,0.08823529
TF-IDF,text_lemmatized,10,0.11620415,0.00000000,0.00000000,0.33333333,0.03846154,0.20000000,0.03846154,0.40000000,0.15384615
TF-IDF,text_lemmatized,11,0.20574684,0.00000000,0.00000000,0.66666667,0.01574803,0.60000000,0.02362205,0.40000000,0.03149606
TF-IDF,text_lemmatized,12,0.06997973,0.00000000,0.00000000,0.00000000,0.00000000,0.20000000,0.07692308,0.20000000,0.15384615
TF-IDF,text_lemmatized,13,0.22060935,1.00000000,0.01098901,0.33333333,0.01098901,0.40000000,0.02197802,0.30000000,0.03296703
TF-IDF,text_lemmatized,14,0.00814001,0.00000000,0.00000000,0.00000000,0.00000000,0.00000000,0.00000000,0.00000000,0.00000000
TF-IDF,text_lemmatized,15,0.15931829,0.00000000,0.00000000,0.00000000,0.00000000,0.20000000,0.01219512,0.20000000,0.02439024
TF-IDF,text_lemmatized,16,0.05791728,0.00000000,0.00000000,0.00000000,0.00000000,0.20000000,0.03846154,0.10000000,0.03846154
TF-IDF,text_lemmatized,17,0.01773069,0.00000000,0.00000000,0.00000000,0.00000000,0.00000000,0.00000000,0.10000000,0.03846154
TF-IDF,text_lemmatized,18,0.12985471,0.00000000,0.00000000,0.00000000,0.00000000,0.20000000,0.09090909,0.20000000,0.18181818
TF-IDF,text_lemmatized,19,0.18297469,0.00000000,0.00000000,0.33333333,0.01234568,0.40000000,0.02469136,0.40000000,0.04938272
TF-IDF,text_lemmatized,20,0.13231923,1.00000000,0.00694444,0.33333333,0.00694444,0.20000000,0.00694444,0.20000000,0.01388889
TF-IDF,text_lemmatized,21,0.02606243,0.00000000,0.00000000,0.00000000,0.00000000,0.00000000,0.00000000,0.00000000,0.00000000
TF-IDF,text_lemmatized,22,0.07137819,0.00000000,0.00000000,0.00000000,0.00000000,0.00000000,0.00000000,0.00000000,0.00000000
TF-IDF,text_lemmatized,23,0.14024570,1.00000000,0.02083333,0.33333333,0.02083333,0.20000000,0.02083333,0.10000000,0.02083333
TF-IDF,text_lemmatized,24,0.21242115,1.00000000,0.01923077,1.00000000,0.05769231,1.00000000,0.09615385,0.60000000,0.11538462
TF-IDF,text_lemmatized,25,0.16663815,0.00000000,0.00000000,0.33333333,0.03030303,0.40000000,0.06060606,0.40000000,0.12121212
TF-IDF,text_lemmatized,26,0.36588368,1.00000000,0.01785714,1.00000000,0.05357143,1.00000000,0.08928571,0.60000000,0.10714286
TF-IDF,text_lemmatized,27,0.21109401,1.00000000,0.00869565,0.33333333,0.00869565,0.40000000,0.01739130,0.40000000,0.03478261
TF-IDF,text_lemmatized,28,0.12829213,1.00000000,0.01666667,0.33333333,0.01666667,0.20000000,0.01666667,0.30000000,0.05000000
TF-IDF,text_lemmatized,29,0.10450522,0.00000000,0.00000000,0.00000000,0.00000000,0.20000000,0.02083333,0.30000000,0.06250000
TF-IDF,text_lemmatized,30,0.43312561,1.00000000,0.00746269,1.00000000,0.02238806,1.00000000,0.03731343,1.00000000,0.07462687
TF-IDF,text_lemmatized,31,0.10194046,0.00000000,0.00000000,0.66666667,0.03278689,0.60000000,0.04918033,0.30000000,0.04918033
TF-IDF,text_lemmatized,32,0.15162355,1.00000000,0.00854701,0.66666667,0.01709402,0.40000000,0.01709402,0.30000000,0.02564103
TF-IDF,text_lemmatized,33,0.05503202,0.00000000,0.00000000,0.00000000,0.00000000,0.20000000,0.05000000,0.10000000,0.05000000
TF-IDF,text_lemmatized,34,0.14210273,0.00000000,0.00000000,0.66666667,0.05263158,0.40000000,0.05263158,0.30000000,0.07894737
TF-IDF,text_lemmatized,35,0.11475677,0.00000000,0.00000000,0.00000000,0.00000000,0.20000000,0.02325581,0.30000000,0.06976744
TF-IDF,text_lemmatized,37,0.12189988,1.00000000,0.02500000,0.33333333,0.02500000,0.40000000,0.05000000,0.30000000,0.07500000
TF-IDF,text_lemmatized,39,0.15739118,1.00000000,0.05555556,0.66666667,0.11111111,0.40000000,0.11111111,0.20000000,0.11111111
TF-IDF,text_lemmatized,41,0.04145054,0.00000000,0.00000000,0.00000000,0.00000000,0.00000000,0.00000000,0.00000000,0.00000000
TF-IDF,text_lemmatized,42,0.14698307,0.00000000,0.00000000,0.00000000,0.00000000,0.00000000,0.00000000,0.10000000,0.02000000
TF-IDF,text_lemmatized,43,0.02326748,0.00000000,0.00000000,0.00000000,0.00000000,0.00000000,0.00000000,0.00000000,0.00000000
TF-IDF,text_lemmatized,44,0.26295495,0.00000000,0.00000000,0.66666667,0.01290323,0.60000000,0.01935484,0.70000000,0.04516129
TF-IDF,text_lemmatized,45,0.14012253,0.00000000,0.00000000,0.00000000,0.00000000,0.40000000,0.02597403,0.30000000,0.03896104
TF-IDF,text_lemmatized,46,0.21322335,0.00000000,0.00000000,0.33333333,0.00862069,0.20000000,0.00862069,0.30000000,0.02586207
TF-IDF,text_lemmatized,49,0.07662249,0.00000000,0.00000000,0.00000000,0.00000000,0.00000000,0.00000000,0.20000000,0.05882353
TF-IDF,text_lemmatized,50,0.36730224,1.00000000,0.01123596,0.66666667,0.02247191,0.60000000,0.03370787,0.70000000,0.07865169
TF-IDF,text_lemmatized,52,0.45010778,1.00000000,0.06666667,0.66666667,0.13333333,0.80000000,0.26666667,0.60000000,0.40000000
TF-IDF,text_lemmatized,54,0.16334053,0.00000000,0.00000000,0.33333333,0.01960784,0.20000000,0.01960784,0.20000000,0.03921569
TF-IDF,text_lemmatized,55,0.57587216,1.00000000,0.05555556,1.00000000,0.16666667,1.00000000,0.27777778,0.80000000,0.44444444
TF-IDF,text_lemmatized,56,0.05505152,0.00000000,0.00000000,0.00000000,0.00000000,0.00000000,0.00000000,0.10000000,0.02222222
TF-IDF,text_lemmatized,57,0.05975066,0.00000000,0.00000000,0.33333333,0.05555556,0.20000000,0.05555556,0.10000000,0.05555556
TF-IDF,text_lemmatized,58,0.26492079,1.00000000,0.02173913,0.33333333,0.02173913,0.60000000,0.06521739,0.60000000,0.13043478
TF-IDF,text_lemmatized,61,0.05122081,0.00000000,0.00000000,0.00000000,0.00000000,0.20000000,0.09090909,0.10000000,0.09090909
TF-IDF,text_lemmatized,62,0.37905394,1.00000000,0.08333333,1.00000000,0.25000000,0.60000000,0.25000000,0.40000000,0.33333333
TF-IDF,text_lemmatized,65,0.24524631,1.00000000,0.07692308,0.66666667,0.15384615,0.60000000,0.23076923,0.30000000,0.23076923
TF-IDF,text_lemmatized,66,0.41793915,1.00000000,0.02857143,0.66666667,0.05714286,0.60000000,0.08571429,0.70000000,0.20000000
TF-IDF,text_lemmatized,67,0.13120951,0.00000000,0.00000000,0.00000000,0.00000000,0.20000000,0.03125000,0.20000000,0.06250000
TF-IDF,text_lemmatized,69,0.20482392,0.00000000,0.00000000,0.66666667,0.13333333,0.40000000,0.13333333,0.20000000,0.13333333
TF-IDF,text_lemmatized,71,0.21029827,1.00000000,0.03703704,0.66666667,0.07407407,0.40000000,0.07407407,0.20000000,0.07407407
TF-IDF,text_lemmatized,76,0.41634363,1.00000000,0.01666667,1.00000000,0.05000000,1.00000000,0.08333333,0.80000000,0.13333333
TF-IDF,text_lemmatized,79,0.24038696,1.00000000,0.09090909,0.66666667,0.18181818,0.40000000,0.18181818,0.20000000,0.18181818
TF-IDF,text_lemmatized,81,0.12735452,1.00000000,0.09090909,0.33333333,0.09090909,0.20000000,0.09090909,0.10000000,0.09090909
TF-IDF,text_lemmatized,82,0.03275514,0.00000000,0.00000000,0.00000000,0.00000000,0.00000000,0.00000000,0.00000000,0.00000000
TF-IDF,text_lemmatized,84,0.07124875,0.00000000,0.00000000,0.00000000,0.00000000,0.00000000,0.00000000,0.00000000,0.00000000
TF-IDF,text_lemmatized,90,0.11322284,0.00000000,0.00000000,0.00000000,0.00000000,0.20000000,0.01428571,0.10000000,0.01428571
TF-IDF,text_lemmatized,92,0.08480506,1.00000000,0.02631579,0.33333333,0.02631579,0.20000000,0.02631579,0.20000000,0.05263158
TF-IDF,text_lemmatized,95,0.08993014,0.00000000,0.00000000,0.33333333,0.09090909,0.20000000,0.09090909,0.10000000,0.09090909
TF-IDF,text_lemmatized,96,0.01739386,0.00000000,0.00000000,0.00000000,0.00000000,0.00000000,0.00000000,0.00000000,0.00000000
TF-IDF,text_lemmatized,97,0.23922303,1.00000000,0.16666667,0.33333333,0.16666667,0.20000000,0.16666667,0.20000000,0.33333333
TF-IDF,text_lemmatized,98,0.24053660,1.00000000,0.03448276,0.66666667,0.06896552,0.60000000,0.10344828,0.40000000,0.13793103
TF-IDF,text_lemmatized,99,0.17595437,1.00000000,0.02941176,0.33333333,0.02941176,0.40000000,0.05882353,0.30000000,0.08823529
TF-IDF,text_lemmatized,100,0.01977824,0.00000000,0.00000000,0.00000000,0.00000000,0.00000000,0.00000000,0.00000000,0.00000000
TF-IDF,text_lemmatized,101,0.05555556,0.00000000,0.00000000,0.00000000,0.00000000,0.00000000,0.00000000,0.00000000,0.00000000
TF-IDF,text_lemmatized,102,0.34407983,0.00000000,0.00000000,0.66666667,0.08333333,0.60000000,0.12500000,0.60000000,0.25000000
TF-IDF,text_lemmatized,104,0.04873963,0.00000000,0.00000000,0.00000000,0.00000000,0.00000000,0.00000000,0.10000000,0.09090909
TF-IDF,text_lemmatized,109,0.16839073,0.00000000,0.00000000,0.33333333,0.01408451,0.40000000,0.02816901,0.30000000,0.04225352
TF-IDF,text_lemmatized,111,0.25481212,0.00000000,0.00000000,0.33333333,0.16666667,0.20000000,0.16666667,0.20000000,0.33333333
BM25,raw_words,1,0.32383554,1.00000000,0.02173913,0.66666667,0.04347826,0.60000000,0.06521739,0.70000000,0.15217391
BM25,raw_words,2,0.02521027,0.00000000,0.00000000,0.00000000,0.00000000,0.00000000,0.00000000,0.00000000,0.00000000
BM25,raw_words,3,0.17709655,1.00000000,0.02272727,0.66666667,0.04545455,0.40000000,0.04545455,0.30000000,0.06818182
BM25,raw_words,4,0.15897772,0.00000000,0.00000000,0.33333333,0.12500000,0.40000000,0.25000000,0.30000000,0.37500000
BM25,raw_words,5,0.07414117,0.00000000,0.00000000,0.33333333,0.04166667,0.20000000,0.04166667,0.20000000,0.08333333
BM25,raw_words,6,0.04545455,0.00000000,0.00000000,0.00000000,0.00000000,0.00000000,0.00000000,0.00000000,0.00000000
BM25,raw_words,7,0.04982416,0.00000000,0.00000000,0.00000000,0.00000000,0.20000000,0.12500000,0.10000000,0.12500000
BM25,raw_words,8,0.01620076,0.00000000,0.00000000,0.00000000,0.00000000,0.00000000,0.00000000,0.00000000,0.00000000
BM25,raw_words,9,0.16171949,1.00000000,0.02941176,0.33333333,0.02941176,0.40000000,0.05882353,0.40000000,0.11764706
BM25,raw_words,10,0.22745348,1.00000000,0.03846154,0.66666667,0.07692308,0.80000000,0.15384615,0.50000000,0.19230769
BM25,raw_words,11,0.19207818,0.00000000,0.00000000,0.33333333,0.00787402,0.20000000,0.00787402,0.30000000,0.02362205
BM25,raw_words,12,0.08777231,0.00000000,0.00000000,0.33333333,0.07692308,0.20000000,0.07692308,0.10000000,0.07692308
BM25,raw_words,13,0.27268418,0.00000000,0.00000000,0.66666667,0.02197802,0.40000000,0.02197802,0.30000000,0.03296703
BM25,raw_words,14,0.00581025,0.00000000,0.00000000,0.00000000,0.00000000,0.00000000,0.00000000,0.00000000,0.00000000
BM25,raw_words,15,0.10106487,0.00000000,0.00000000,0.00000000,0.00000000,0.00000000,0.00000000,0.00000000,0.00000000
BM25,raw_words,16,0.03844373,0.00000000,0.00000000,0.00000000,0.00000000,0.00000000,0.00000000,0.00000000,0.00000000
BM25,raw_words,17,0.05699181,1.00000000,0.03846154,0.33333333,0.03846154,0.20000000,0.03846154,0.10000000,0.03846154
BM25,raw_words,18,0.11614891,0.00000000,0.00000000,0.33333333,0.09090909,0.20000000,0.09090909,0.10000000,0.09090909
BM25,raw_words,19,0.22675573,1.00000000,0.01234568,1.00000000,0.03703704,0.60000000,0.03703704,0.60000000,0.07407407
BM25,raw_words,20,0.14368346,1.00000000,0.00694444,1.00000000,0.02083333,0.60000000,0.02083333,0.40000000,0.02777778
BM25,raw_words,21,0.10510261,1.00000000,0.04000000,0.33333333,0.04000000,0.40000000,0.08000000,0.20000000,0.08000000
BM25,raw_words,22,0.13020688,0.00000000,0.00000000,0.33333333,0.01886792,0.40000000,0.03773585,0.30000000,0.05660377
BM25,raw_words,23,0.18590758,0.00000000,0.00000000,0.33333333,0.02083333,0.40000000,0.04166667,0.40000000,0.08333333
BM25,raw_words,24,0.27869827,1.00000000,0.01923077,1.00000000,0.05769231,0.80000000,0.07692308,0.60000000,0.11538462
BM25,raw_words,25,0.19600980,0.00000000,0.00000000,0.33333333,0.03030303,0.20000000,0.03030303,0.20000000,0.06060606
BM25,raw_words,26,0.33712513,1.00000000,0.01785714,1.00000000,0.05357143,1.00000000,0.08928571,0.50000000,0.08928571
BM25,raw_words,27,0.22021941,0.00000000,0.00000000,0.00000000,0.00000000,0.00000000,0.00000000,0.30000000,0.02608696
BM25,raw_words,28,0.18744350,1.00000000,0.01666667,0.66666667,0.03333333,0.60000000,0.05000000,0.70000000,0.11666667
BM25,raw_words,29,0.09453410,0.00000000,0.00000000,0.33333333,0.02083333,0.20000000,0.02083333,0.10000000,0.02083333
BM25,raw_words,30,0.34029392,1.00000000,0.00746269,1.00000000,0.02238806,1.00000000,0.03731343,0.50000000,0.03731343
BM25,raw_words,31,0.09848018,1.00000000,0.01639344,0.66666667,0.03278689,0.40000000,0.03278689,0.20000000,0.03278689
BM25,raw_words,32,0.12774412,0.00000000,0.00000000,0.00000000,0.00000000,0.00000000,0.00000000,0.00000000,0.00000000
BM25,raw_words,33,0.04636238,0.00000000,0.00000000,0.00000000,0.00000000,0.00000000,0.00000000,0.00000000,0.00000000
BM25,raw_words,34,0.10644454,0.00000000,0.00000000,0.33333333,0.02631579,0.40000000,0.05263158,0.40000000,0.10526316
BM25,raw_words,35,0.19095413,0.00000000,0.00000000,0.33333333,0.02325581,0.60000000,0.06976744,0.50000000,0.11627907
BM25,raw_words,37,0.05781309,0.00000000,0.00000000,0.00000000,0.00000000,0.00000000,0.00000000,0.00000000,0.00000000
BM25,raw_words,39,0.12052086,1.00000000,0.05555556,0.33333333,0.05555556,0.40000000,0.11111111,0.20000000,0.11111111
BM25,raw_words,41,0.21782937,1.00000000,0.09090909,0.33333333,0.09090909,0.20000000,0.09090909,0.30000000,0.27272727
BM25,raw_words,42,0.13709944,1.00000000,0.02000000,0.33333333,0.02000000,0.40000000,0.04000000,0.30000000,0.06000000
BM25,raw_words,43,0.02965355,0.00000000,0.00000000,0.00000000,0.00000000,0.00000000,0.00000000,0.00000000,0.00000000
BM25,raw_words,44,0.24134414,1.00000000,0.00645161,0.66666667,0.01290323,0.40000000,0.01290323,0.40000000,0.02580645
BM25,raw_words,45,0.17171962,0.00000000,0.00000000,0.66666667,0.02597403,0.40000000,0.02597403,0.50000000,0.06493506
BM25,raw_words,46,0.22105867,0.00000000,0.00000000,0.66666667,0.01724138,0.40000000,0.01724138,0.50000000,0.04310345
BM25,raw_words,49,0.10312781,1.00000000,0.02941176,0.33333333,0.02941176,0.20000000,0.02941176,0.20000000,0.05882353
BM25,raw_words,50,0.32696039,1.00000000,0.01123596,0.66666667,0.02247191,0.80000000,0.04494382,0.60000000,0.06741573
BM25,raw_words,52,0.57904554,1.00000000,0.06666667,1.00000000,0.20000000,0.80000000,0.26666667,0.60000000,0.40000000
BM25,raw_words,54,0.15367992,1.00000000,0.01960784,0.33333333,0.01960784,0.20000000,0.01960784,0.30000000,0.05882353
BM25,raw_words,55,0.73146200,1.00000000,0.05555556,1.00000000,0.16666667,1.00000000,0.27777778,0.90000000,0.50000000
BM25,raw_words,56,0.08568455,0.00000000,0.00000000,0.00000000,0.00000000,0.00000000,0.00000000,0.00000000,0.00000000
BM25,raw_words,57,0.17626038,1.00000000,0.05555556,0.66666667,0.11111111,0.60000000,0.16666667,0.30000000,0.16666667
BM25,raw_words,58,0.27354125,1.00000000,0.02173913,0.66666667,0.04347826,0.60000000,0.06521739,0.50000000,0.10869565
BM25,raw_words,61,0.03406694,0.00000000,0.00000000,0.00000000,0.00000000,0.00000000,0.00000000,0.00000000,0.00000000
BM25,raw_words,62,0.55133222,1.00000000,0.08333333,0.66666667,0.16666667,0.80000000,0.33333333,0.60000000,0.50000000
BM25,raw_words,65,0.23594555,1.00000000,0.07692308,0.66666667,0.15384615,0.40000000,0.15384615,0.20000000,0.15384615
BM25,raw_words,66,0.37793282,1.00000000,0.02857143,1.00000000,0.08571429,0.80000000,0.11428571,0.70000000,0.20000000
BM25,raw_words,67,0.13751846,0.00000000,0.00000000,0.33333333,0.03125000,0.20000000,0.03125000,0.30000000,0.09375000
BM25,raw_words,69,0.29639326,1.00000000,0.06666667,0.33333333,0.06666667,0.40000000,0.13333333,0.40000000,0.26666667
BM25,raw_words,71,0.33470708,1.00000000,0.03703704,0.66666667,0.07407407,0.40000000,0.07407407,0.60000000,0.22222222
BM25,raw_words,76,0.20797898,0.00000000,0.00000000,0.33333333,0.01666667,0.60000000,0.05000000,0.40000000,0.06666667
BM25,raw_words,79,0.35035376,1.00000000,0.09090909,1.00000000,0.27272727,0.60000000,0.27272727,0.30000000,0.27272727
BM25,raw_words,81,0.13074335,1.00000000,0.09090909,0.33333333,0.09090909,0.20000000,0.09090909,0.10000000,0.09090909
BM25,raw_words,82,0.04852949,0.00000000,0.00000000,0.00000000,0.00000000,0.20000000,0.10000000,0.10000000,0.10000000
BM25,raw_words,84,0.06706320,0.00000000,0.00000000,0.00000000,0.00000000,0.00000000,0.00000000,0.10000000,0.09090909
BM25,raw_words,90,0.11070600,0.00000000,0.00000000,0.00000000,0.00000000,0.00000000,0.00000000,0.10000000,0.01428571
BM25,raw_words,92,0.14221730,1.00000000,0.02631579,1.00000000,0.07894737,0.60000000,0.07894737,0.40000000,0.10526316
BM25,raw_words,95,0.23001997,1.00000000,0.09090909,0.66666667,0.18181818,0.40000000,0.18181818,0.30000000,0.27272727
BM25,raw_words,96,0.06770281,0.00000000,0.00000000,0.33333333,0.11111111,0.20000000,0.11111111,0.10000000,0.11111111
BM25,raw_words,97,0.05230738,0.00000000,0.00000000,0.00000000,0.00000000,0.00000000,0.00000000,0.00000000,0.00000000
BM25,raw_words,98,0.30278977,0.00000000,0.00000000,0.66666667,0.06896552,0.60000000,0.10344828,0.60000000,0.20689655
BM25,raw_words,99,0.22619276,1.00000000,0.02941176,0.66666667,0.05882353,0.60000000,0.08823529,0.40000000,0.11764706
BM25,raw_words,100,0.06881138,1.00000000,0.05555556,0.33333333,0.05555556,0.20000000,0.05555556,0.10000000,0.05555556
BM25,raw_words,101,0.50000000,0.00000000,0.00000000,0.33333333,1.00000000,0.20000000,1.00000000,0.10000000,1.00000000
BM25,raw_words,102,0.42125702,1.00000000,0.04166667,1.00000000,0.12500000,0.80000000,0.16666667,0.70000000,0.29166667
BM25,raw_words,104,0.05238198,0.00000000,0.00000000,0.00000000,0.00000000,0.20000000,0.09090909,0.10000000,0.09090909
BM25,raw_words,109,0.19380493,1.00000000,0.01408451,0.66666667,0.02816901,0.40000000,0.02816901,0.60000000,0.08450704
BM25,raw_words,111,0.34548189,1.00000000,0.16666667,0.33333333,0.16666667,0.20000000,0.16666667,0.30000000,0.50000000
BM25,tokens,1,0.40321382,1.00000000,0.02173913,0.66666667,0.04347826,0.60000000,0.06521739,0.70000000,0.15217391
BM25,tokens,2,0.02961807,0.00000000,0.00000000,0.00000000,0.00000000,0.00000000,0.00000000,0.00000000,0.00000000
BM25,tokens,3,0.21652672,1.00000000,0.02272727,0.66666667,0.04545455,0.40000000,0.04545455,0.50000000,0.11363636
BM25,tokens,4,0.28695710,1.00000000,0.12500000,0.33333333,0.12500000,0.40000000,0.25000000,0.30000000,0.37500000
BM25,tokens,5,0.09193773,1.00000000,0.04166667,0.33333333,0.04166667,0.20000000,0.04166667,0.20000000,0.08333333
BM25,tokens,6,0.11111111,0.00000000,0.00000000,0.00000000,0.00000000,0.00000000,0.00000000,0.10000000,1.00000000
BM25,tokens,7,0.05217735,0.00000000,0.00000000,0.00000000,0.00000000,0.20000000,0.12500000,0.10000000,0.12500000
BM25,tokens,8,0.02048542,0.00000000,0.00000000,0.00000000,0.00000000,0.00000000,0.00000000,0.00000000,0.00000000
BM25,tokens,9,0.17194720,1.00000000,0.02941176,0.33333333,0.02941176,0.40000000,0.05882353,0.40000000,0.11764706
BM25,tokens,10,0.22151972,1.00000000,0.03846154,0.66666667,0.07692308,0.80000000,0.15384615,0.50000000,0.19230769
BM25,tokens,11,0.19662315,0.00000000,0.00000000,0.66666667,0.01574803,0.60000000,0.02362205,0.50000000,0.03937008
BM25,tokens,12,0.09026936,0.00000000,0.00000000,0.33333333,0.07692308,0.20000000,0.07692308,0.10000000,0.07692308
BM25,tokens,13,0.30964854,1.00000000,0.01098901,0.33333333,0.01098901,0.40000000,0.02197802,0.60000000,0.06593407
BM25,tokens,14,0.00976556,0.00000000,0.00000000,0.00000000,0.00000000,0.00000000,0.00000000,0.00000000,0.00000000
BM25,tokens,15,0.13424929,0.00000000,0.00000000,0.00000000,0.00000000,0.00000000,0.00000000,0.10000000,0.01219512
BM25,tokens,16,0.06267866,0.00000000,0.00000000,0.33333333,0.03846154,0.20000000,0.03846154,0.10000000,0.03846154
BM25,tokens,17,0.05147351,1.00000000,0.03846154,0.33333333,0.03846154,0.20000000,0.03846154,0.10000000,0.03846154
BM25,tokens,18,0.11988727,0.00000000,0.00000000,0.33333333,0.09090909,0.20000000,0.09090909,0.10000000,0.09090909
BM25,tokens,19,0.20425995,1.00000000,0.01234568,1.00000000,0.03703704,0.60000000,0.03703704,0.60000000,0.07407407
BM25,tokens,20,0.14271311,1.00000000,0.00694444,1.00000000,0.02083333,0.60000000,0.02083333,0.40000000,0.02777778
BM25,tokens,21,0.08705436,0.00000000,0.00000000,0.66666667,0.08000000,0.40000000,0.08000000,0.20000000,0.08000000
BM25,tokens,22,0.11964434,0.00000000,0.00000000,0.33333333,0.01886792,0.40000000,0.03773585,0.30000000,0.05660377
BM25,tokens,23,0.19010918,0.00000000,0.00000000,0.33333333,0.02083333,0.40000000,0.04166667,0.40000000,0.08333333
BM25,tokens,24,0.27974070,1.00000000,0.01923077,1.00000000,0.05769231,0.80000000,0.07692308,0.50000000,0.09615385
BM25,tokens,25,0.19899284,0.00000000,0.00000000,0.33333333,0.03030303,0.20000000,0.03030303,0.20000000,0.06060606
BM25,tokens,26,0.33323796,1.00000000,0.01785714,1.00000000,0.05357143,1.00000000,0.08928571,0.60000000,0.10714286
BM25,tokens,27,0.22042127,0.00000000,0.00000000,0.00000000,0.00000000,0.20000000,0.00869565,0.30000000,0.02608696
BM25,tokens,28,0.18063053,1.00000000,0.01666667,0.66666667,0.03333333,0.60000000,0.05000000,0.70000000,0.11666667
BM25,tokens,29,0.08383668,0.00000000,0.00000000,0.33333333,0.02083333,0.40000000,0.04166667,0.20000000,0.04166667
BM25,tokens,30,0.31028483,1.00000000,0.00746269,1.00000000,0.02238806,1.00000000,0.03731343,0.50000000,0.03731343
BM25,tokens,31,0.07990360,1.00000000,0.01639344,0.66666667,0.03278689,0.40000000,0.03278689,0.20000000,0.03278689
BM25,tokens,32,0.10723617,0.00000000,0.00000000,0.00000000,0.00000000,0.00000000,0.00000000,0.00000000,0.00000000
BM25,tokens,33,0.05064632,0.00000000,0.00000000,0.00000000,0.00000000,0.00000000,0.00000000,0.00000000,0.00000000
BM25,tokens,34,0.09855593,0.00000000,0.00000000,0.33333333,0.02631579,0.40000000,0.05263158,0.30000000,0.07894737
BM25,tokens,35,0.18700227,0.00000000,0.00000000,0.66666667,0.04651163,0.60000000,0.06976744,0.40000000,0.09302326
BM25,tokens,37,0.05592666,0.00000000,0.00000000,0.00000000,0.00000000,0.00000000,0.00000000,0.10000000,0.02500000
BM25,tokens,39,0.10898675,1.00000000,0.05555556,0.33333333,0.05555556,0.20000000,0.05555556,0.20000000,0.11111111
BM25,tokens,41,0.11830951,0.00000000,0.00000000,0.00000000,0.00000000,0.20000000,0.09090909,0.10000000,0.09090909
BM25,tokens,42,0.13458304,0.00000000,0.00000000,0.33333333,0.02000000,0.20000000,0.02000000,0.30000000,0.06000000
BM25,tokens,43,0.04665697,0.00000000,0.00000000,0.00000000,0.00000000,0.00000000,0.00000000,0.00000000,0.00000000
BM25,tokens,44,0.25246877,1.00000000,0.00645161,1.00000000,0.01935484,0.60000000,0.01935484,0.50000000,0.03225806
BM25,tokens,45,0.17469700,0.00000000,0.00000000,0.33333333,0.01298701,0.40000000,0.02597403,0.50000000,0.06493506
BM25,tokens,46,0.28345339,1.00000000,0.00862069,0.66666667,0.01724138,0.80000000,0.03448276,0.50000000,0.04310345
BM25,tokens,49,0.19837397,0.00000000,0.00000000,0.66666667,0.05882353,0.80000000,0.11764706,0.50000000,0.14705882
BM25,tokens,50,0.38175228,1.00000000,0.01123596,0.66666667,0.02247191,0.80000000,0.04494382,0.70000000,0.07865169
BM25,tokens,52,0.58057683,1.00000000,0.06666667,1.00000000,0.20000000,1.00000000,0.33333333,0.50000000,0.33333333
BM25,tokens,54,0.14716996,0.00000000,0.00000000,0.00000000,0.00000000,0.00000000,0.00000000,0.20000000,0.03921569
BM25,tokens,55,0.75971330,1.00000000,0.05555556,1.00000000,0.16666667,1.00000000,0.27777778,0.90000000,0.50000000
BM25,tokens,56,0.07067711,0.00000000,0.00000000,0.00000000,0.00000000,0.00000000,0.00000000,0.00000000,0.00000000
BM25,tokens,57,0.19100536,1.00000000,0.05555556,0.66666667,0.11111111,0.60000000,0.16666667,0.30000000,0.16666667
BM25,tokens,58,0.31887605,1.00000000,0.02173913,1.00000000,0.06521739,0.80000000,0.08695652,0.60000000,0.13043478
BM25,tokens,61,0.03925868,0.00000000,0.00000000,0.00000000,0.00000000,0.00000000,0.00000000,0.10000000,0.09090909
BM25,tokens,62,0.59150527,1.00000000,0.08333333,1.00000000,0.25000000,0.80000000,0.33333333,0.70000000,0.58333333
BM25,tokens,65,0.24761759,1.00000000,0.07692308,0.66666667,0.15384615,0.40000000,0.15384615,0.20000000,0.15384615
BM25,tokens,66,0.40004790,1.00000000,0.02857143,1.00000000,0.08571429,0.80000000,0.11428571,0.70000000,0.20000000
BM25,tokens,67,0.14102237,0.00000000,0.00000000,0.33333333,0.03125000,0.20000000,0.03125000,0.20000000,0.06250000
BM25,tokens,69,0.32776735,1.00000000,0.06666667,0.66666667,0.13333333,0.40000000,0.13333333,0.40000000,0.26666667
BM25,tokens,71,0.34321893,1.00000000,0.03703704,0.66666667,0.07407407,0.60000000,0.11111111,0.50000000,0.18518519
BM25,tokens,76,0.25572558,1.00000000,0.01666667,0.66666667,0.03333333,0.60000000,0.05000000,0.40000000,0.06666667
BM25,tokens,79,0.35557332,1.00000000,0.09090909,1.00000000,0.27272727,0.60000000,0.27272727,0.30000000,0.27272727
BM25,tokens,81,0.12235386,1.00000000,0.09090909,0.33333333,0.09090909,0.20000000,0.09090909,0.10000000,0.09090909
BM25,tokens,82,0.04373738,0.00000000,0.00000000,0.00000000,0.00000000,0.00000000,0.00000000,0.10000000,0.10000000
BM25,tokens,84,0.07098307,0.00000000,0.00000000,0.00000000,0.00000000,0.00000000,0.00000000,0.10000000,0.09090909
BM25,tokens,90,0.12536568,0.00000000,0.00000000,0.00000000,0.00000000,0.20000000,0.01428571,0.30000000,0.04285714
BM25,tokens,92,0.13980186,1.00000000,0.02631579,1.00000000,0.07894737,0.60000000,0.07894737,0.40000000,0.10526316
BM25,tokens,95,0.20789371,1.00000000,0.09090909,0.33333333,0.09090909,0.60000000,0.27272727,0.30000000,0.27272727
BM25,tokens,96,0.04396801,0.00000000,0.00000000,0.00000000,0.00000000,0.00000000,0.00000000,0.10000000,0.11111111
BM25,tokens,97,0.21459397,0.00000000,0.00000000,0.33333333,0.16666667,0.20000000,0.16666667,0.30000000,0.50000000
BM25,tokens,98,0.34661924,1.00000000,0.03448276,0.66666667,0.06896552,0.80000000,0.13793103,0.50000000,0.17241379
BM25,tokens,99,0.22729503,1.00000000,0.02941176,0.66666667,0.05882353,0.60000000,0.08823529,0.50000000,0.14705882
BM25,tokens,100,0.06920491,1.00000000,0.05555556,0.33333333,0.05555556,0.20000000,0.05555556,0.10000000,0.05555556
BM25,tokens,101,1.00000000,1.00000000,1.00000000,0.33333333,1.00000000,0.20000000,1.00000000,0.10000000,1.00000000
BM25,tokens,102,0.44403142,1.00000000,0.04166667,1.00000000,0.12500000,0.80000000,0.16666667,0.70000000,0.29166667
BM25,tokens,104,0.04196529,0.00000000,0.00000000,0.00000000,0.00000000,0.00000000,0.00000000,0.10000000,0.09090909
BM25,tokens,109,0.19887668,1.00000000,0.01408451,0.33333333,0.01408451,0.20000000,0.01408451,0.60000000,0.08450704
BM25,tokens,111,0.36285474,1.00000000,0.16666667,0.33333333,0.16666667,0.20000000,0.16666667,0.30000000,0.50000000
BM25,stemmed_words,1,0.43681127,1.00000000,0.02173913,0.66666667,0.04347826,0.60000000,0.06521739,0.60000000,0.13043478
BM25,stemmed_words,2,0.05642496,0.00000000,0.00000000,0.33333333,0.03846154,0.20000000,0.03846154,0.10000000,0.03846154
BM25,stemmed_words,3,0.31356411,1.00000000,0.02272727,1.00000000,0.06818182,0.80000000,0.09090909,0.50000000,0.11363636
BM25,stemmed_words,4,0.29689954,1.00000000,0.12500000,0.66666667,0.25000000,0.40000000,0.25000000,0.20000000,0.25000000
BM25,stemmed_words,5,0.07644158,0.00000000,0.00000000,0.33333333,0.04166667,0.20000000,0.04166667,0.10000000,0.04166667
BM25,stemmed_words,6,0.14285714,0.00000000,0.00000000,0.00000000,0.00000000,0.00000000,0.00000000,0.10000000,1.00000000
BM25,stemmed_words,7,0.06036549,0.00000000,0.00000000,0.00000000,0.00000000,0.00000000,0.00000000,0.20000000,0.25000000
BM25,stemmed_words,8,0.02835268,0.00000000,0.00000000,0.00000000,0.00000000,0.00000000,0.00000000,0.00000000,0.00000000
BM25,stemmed_words,9,0.19928253,1.00000000,0.02941176,0.66666667,0.05882353,0.40000000,0.05882353,0.50000000,0.14705882
BM25,stemmed_words,10,0.35020796,1.00000000,0.03846154,1.00000000,0.11538462,0.60000000,0.11538462,0.60000000,0.23076923
BM25,stemmed_words,11,0.23707103,0.00000000,0.00000000,0.33333333,0.00787402,0.40000000,0.01574803,0.50000000,0.03937008
BM25,stemmed_words,12,0.08187014,0.00000000,0.00000000,0.00000000,0.00000000,0.00000000,0.00000000,0.10000000,0.07692308
BM25,stemmed_words,13,0.28479592,0.00000000,0.00000000,0.66666667,0.02197802,0.40000000,0.02197802,0.40000000,0.04395604
BM25,stemmed_words,14,0.00852827,0.00000000,0.00000000,0.00000000,0.00000000,0.00000000,0.00000000,0.00000000,0.00000000
BM25,stemmed_words,15,0.19222067,0.00000000,0.00000000,0.33333333,0.01219512,0.40000000,0.02439024,0.30000000,0.03658537
BM25,stemmed_words,16,0.07146390,0.00000000,0.00000000,0.33333333,0.03846154,0.20000000,0.03846154,0.20000000,0.07692308
BM25,stemmed_words,17,0.05232510,1.00000000,0.03846154,0.33333333,0.03846154,0.20000000,0.03846154,0.10000000,0.03846154
BM25,stemmed_words,18,0.14866431,0.00000000,0.00000000,0.00000000,0.00000000,0.20000000,0.09090909,0.30000000,0.27272727
BM25,stemmed_words,19,0.33529540,1.00000000,0.01234568,1.00000000,0.03703704,0.80000000,0.04938272,0.70000000,0.08641975
BM25,stemmed_words,20,0.19485580,1.00000000,0.00694444,0.33333333,0.00694444,0.20000000,0.00694444,0.10000000,0.00694444
BM25,stemmed_words,21,0.11829652,0.00000000,0.00000000,0.33333333,0.04000000,0.40000000,0.08000000,0.40000000,0.16000000
BM25,stemmed_words,22,0.09995446,0.00000000,0.00000000,0.00000000,0.00000000,0.20000000,0.01886792,0.20000000,0.03773585
BM25,stemmed_words,23,0.14065751,0.00000000,0.00000000,0.33333333,0.02083333,0.40000000,0.04166667,0.40000000,0.08333333
BM25,stemmed_words,24,0.34351524,1.00000000,0.01923077,1.00000000,0.05769231,1.00000000,0.09615385,0.80000000,0.15384615
BM25,stemmed_words,25,0.20887670,0.00000000,0.00000000,0.00000000,0.00000000,0.20000000,0.03030303,0.40000000,0.12121212
BM25,stemmed_words,26,0.42681335,1.00000000,0.01785714,1.00000000,0.05357143,0.80000000,0.07142857,0.70000000,0.12500000
BM25,stemmed_words,27,0.25258199,0.00000000,0.00000000,0.33333333,0.00869565,0.20000000,0.00869565,0.20000000,0.01739130
BM25,stemmed_words,28,0.22372640,0.00000000,0.00000000,0.66666667,0.03333333,0.60000000,0.05000000,0.70000000,0.11666667
BM25,stemmed_words,29,0.15745355,0.00000000,0.00000000,0.33333333,0.02083333,0.40000000,0.04166667,0.30000000,0.06250000
BM25,stemmed_words,30,0.29572944,1.00000000,0.00746269,0.66666667,0.01492537,0.40000000,0.01492537,0.40000000,0.02985075
BM25,stemmed_words,31,0.19368477,1.00000000,0.01639344,0.33333333,0.01639344,0.40000000,0.03278689,0.50000000,0.08196721
BM25,stemmed_words,32,0.22222160,1.00000000,0.00854701,0.33333333,0.00854701,0.60000000,0.02564103,0.40000000,0.03418803
BM25,stemmed_words,33,0.05491248,0.00000000,0.00000000,0.00000000,0.00000000,0.00000000,0.00000000,0.10000000,0.05000000
BM25,stemmed_words,34,0.20223059,1.00000000,0.02631579,1.00000000,0.07894737,0.60000000,0.07894737,0.30000000,0.07894737
BM25,stemmed_words,35,0.23085954,1.00000000,0.02325581,1.00000000,0.06976744,0.80000000,0.09302326,0.60000000,0.13953488
BM25,stemmed_words,37,0.13965351,0.00000000,0.00000000,0.00000000,0.00000000,0.20000000,0.02500000,0.40000000,0.10000000
BM25,stemmed_words,39,0.10262354,1.00000000,0.05555556,0.33333333,0.05555556,0.20000000,0.05555556,0.10000000,0.05555556
BM25,stemmed_words,41,0.24283146,1.00000000,0.09090909,0.33333333,0.09090909,0.20000000,0.09090909,0.40000000,0.36363636
BM25,stemmed_words,42,0.14501150,1.00000000,0.02000000,0.66666667,0.04000000,0.40000000,0.04000000,0.30000000,0.06000000
BM25,stemmed_words,43,0.03566943,0.00000000,0.00000000,0.00000000,0.00000000,0.00000000,0.00000000,0.10000000,0.07692308
BM25,stemmed_words,44,0.26579829,1.00000000,0.00645161,0.66666667,0.01290323,0.60000000,0.01935484,0.70000000,0.04516129
BM25,stemmed_words,45,0.17232348,1.00000000,0.01298701,0.33333333,0.01298701,0.40000000,0.02597403,0.50000000,0.06493506
BM25,stemmed_words,46,0.32979266,1.00000000,0.00862069,0.66666667,0.01724138,0.60000000,0.02586207,0.60000000,0.05172414
BM25,stemmed_words,49,0.15714967,1.00000000,0.02941176,0.66666667,0.05882353,0.40000000,0.05882353,0.40000000,0.11764706
BM25,stemmed_words,50,0.40221555,1.00000000,0.01123596,0.66666667,0.02247191,0.80000000,0.04494382,0.80000000,0.08988764
BM25,stemmed_words,52,0.59081737,1.00000000,0.06666667,1.00000000,0.20000000,1.00000000,0.33333333,0.60000000,0.40000000
BM25,stemmed_words,54,0.19830235,0.00000000,0.00000000,0.33333333,0.01960784,0.40000000,0.03921569,0.40000000,0.07843137
BM25,stemmed_words,55,0.78623693,1.00000000,0.05555556,1.00000000,0.16666667,1.00000000,0.27777778,0.90000000,0.50000000
BM25,stemmed_words,56,0.10621776,0.00000000,0.00000000,0.00000000,0.00000000,0.00000000,0.00000000,0.00000000,0.00000000
BM25,stemmed_words,57,0.15713570,0.00000000,0.00000000,0.66666667,0.11111111,0.40000000,0.11111111,0.20000000,0.11111111
BM25,stemmed_words,58,0.43574345,0.00000000,0.00000000,0.66666667,0.04347826,0.60000000,0.06521739,0.80000000,0.17391304
BM25,stemmed_words,61,0.03948136,0.00000000,0.00000000,0.00000000,0.00000000,0.00000000,0.00000000,0.00000000,0.00000000
BM25,stemmed_words,62,0.60147517,1.00000000,0.08333333,1.00000000,0.25000000,1.00000000,0.41666667,0.70000000,0.58333333
BM25,stemmed_words,65,0.41460582,1.00000000,0.07692308,1.00000000,0.23076923,0.60000000,0.23076923,0.50000000,0.38461538
BM25,stemmed_words,66,0.57382093,1.00000000,0.02857143,1.00000000,0.08571429,1.00000000,0.14285714,0.70000000,0.20000000
BM25,stemmed_words,67,0.16410057,0.00000000,0.00000000,0.33333333,0.03125000,0.20000000,0.03125000,0.20000000,0.06250000
BM25,stemmed_words,69,0.22228867,0.00000000,0.00000000,0.33333333,0.06666667,0.60000000,0.20000000,0.40000000,0.26666667
BM25,stemmed_words,71,0.30803482,1.00000000,0.03703704,1.00000000,0.11111111,0.60000000,0.11111111,0.30000000,0.11111111
BM25,stemmed_words,76,0.38679013,1.00000000,0.01666667,1.00000000,0.05000000,0.80000000,0.06666667,0.70000000,0.11666667
BM25,stemmed_words,79,0.30315645,1.00000000,0.09090909,0.66666667,0.18181818,0.60000000,0.27272727,0.40000000,0.36363636
BM25,stemmed_words,81,0.17680602,1.00000000,0.09090909,0.33333333,0.09090909,0.40000000,0.18181818,0.20000000,0.18181818
BM25,stemmed_words,82,0.14976109,0.00000000,0.00000000,0.00000000,0.00000000,0.40000000,0.20000000,0.30000000,0.30000000
BM25,stemmed_words,84,0.05653632,0.00000000,0.00000000,0.00000000,0.00000000,0.00000000,0.00000000,0.00000000,0.00000000
BM25,stemmed_words,90,0.10293743,1.00000000,0.01428571,0.33333333,0.01428571,0.20000000,0.01428571,0.20000000,0.02857143
BM25,stemmed_words,92,0.14656314,1.00000000,0.02631579,0.66666667,0.05263158,0.80000000,0.10526316,0.50000000,0.13157895
BM25,stemmed_words,95,0.20352380,1.00000000,0.09090909,0.33333333,0.09090909,0.60000000,0.27272727,0.30000000,0.27272727
BM25,stemmed_words,96,0.02584220,0.00000000,0.00000000,0.00000000,0.00000000,0.00000000,0.00000000,0.00000000,0.00000000
BM25,stemmed_words,97,0.38286759,1.00000000,0.16666667,0.33333333,0.16666667,0.20000000,0.16666667,0.30000000,0.50000000
BM25,stemmed_words,98,0.45061916,1.00000000,0.03448276,1.00000000,0.10344828,0.80000000,0.13793103,0.70000000,0.24137931
BM25,stemmed_words,99,0.37421363,1.00000000,0.02941176,1.00000000,0.08823529,1.00000000,0.14705882,0.70000000,0.20588235
BM25,stemmed_words,100,0.04045445,0.00000000,0.00000000,0.33333333,0.05555556,0.20000000,0.05555556,0.10000000,0.05555556
BM25,stemmed_words,101,0.04545455,0.00000000,0.00000000,0.00000000,0.00000000,0.00000000,0.00000000,0.00000000,0.00000000
BM25,stemmed_words,102,0.53482432,1.00000000,0.04166667,1.00000000,0.12500000,1.00000000,0.20833333,0.80000000,0.33333333
BM25,stemmed_words,104,0.04861292,0.00000000,0.00000000,0.00000000,0.00000000,0.20000000,0.09090909,0.10000000,0.09090909
BM25,stemmed_words,109,0.17957659,1.00000000,0.01408451,1.00000000,0.04225352,0.60000000,0.04225352,0.40000000,0.05633803
BM25,stemmed_words,111,0.39442993,0.00000000,0.00000000,0.66666667,0.33333333,0.40000000,0.33333333,0.40000000,0.66666667
BM25,lemmatized_words,1,0.40320437,1.00000000,0.02173913,0.66666667,0.04347826,0.60000000,0.06521739,0.50000000,0.10869565
BM25,lemmatized_words,2,0.03158518,0.00000000,0.00000000,0.00000000,0.00000000,0.00000000,0.00000000,0.00000000,0.00000000
BM25,lemmatized_words,3,0.30369647,1.00000000,0.02272727,1.00000000,0.06818182,0.80000000,0.09090909,0.60000000,0.13636364
BM25,lemmatized_words,4,0.17902178,0.00000000,0.00000000,0.33333333,0.12500000,0.20000000,0.12500000,0.30000000,0.37500000
BM25,lemmatized_words,5,0.07700382,0.00000000,0.00000000,0.33333333,0.04166667,0.20000000,0.04166667,0.20000000,0.08333333
BM25,lemmatized_words,6,0.20000000,0.00000000,0.00000000,0.00000000,0.00000000,0.20000000,1.00000000,0.10000000,1.00000000
BM25,lemmatized_words,7,0.09156356,0.00000000,0.00000000,0.33333333,0.12500000,0.20000000,0.12500000,0.10000000,0.12500000
BM25,lemmatized_words,8,0.02457655,0.00000000,0.00000000,0.00000000,0.00000000,0.00000000,0.00000000,0.00000000,0.00000000
BM25,lemmatized_words,9,0.21158921,1.00000000,0.02941176,0.33333333,0.02941176,0.60000000,0.08823529,0.50000000,0.14705882
BM25,lemmatized_words,10,0.20096018,1.00000000,0.03846154,0.66666667,0.07692308,0.60000000,0.11538462,0.60000000,0.23076923
BM25,lemmatized_words,11,0.24439983,0.00000000,0.00000000,0.66666667,0.01574803,0.60000000,0.02362205,0.70000000,0.05511811
BM25,lemmatized_words,12,0.09269070,0.00000000,0.00000000,0.00000000,0.00000000,0.20000000,0.07692308,0.10000000,0.07692308
BM25,lemmatized_words,13,0.27379303,0.00000000,0.00000000,0.33333333,0.01098901,0.20000000,0.01098901,0.30000000,0.03296703
BM25,lemmatized_words,14,0.00976556,0.00000000,0.00000000,0.00000000,0.00000000,0.00000000,0.00000000,0.00000000,0.00000000
BM25,lemmatized_words,15,0.19782389,0.00000000,0.00000000,0.33333333,0.01219512,0.20000000,0.01219512,0.30000000,0.03658537
BM25,lemmatized_words,16,0.10679145,1.00000000,0.03846154,0.33333333,0.03846154,0.20000000,0.03846154,0.20000000,0.07692308
BM25,lemmatized_words,17,0.05220522,1.00000000,0.03846154,0.33333333,0.03846154,0.20000000,0.03846154,0.10000000,0.03846154
BM25,lemmatized_words,18,0.14200020,0.00000000,0.00000000,0.33333333,0.09090909,0.20000000,0.09090909,0.20000000,0.18181818
BM25,lemmatized_words,19,0.27366565,1.00000000,0.01234568,1.00000000,0.03703704,1.00000000,0.06172840,0.80000000,0.09876543
BM25,lemmatized_words,20,0.16684861,0.00000000,0.00000000,0.66666667,0.01388889,0.60000000,0.02083333,0.30000000,0.02083333
BM25,lemmatized_words,21,0.11701219,1.00000000,0.04000000,0.33333333,0.04000000,0.40000000,0.08000000,0.20000000,0.08000000
BM25,lemmatized_words,22,0.11439649,0.00000000,0.00000000,0.00000000,0.00000000,0.40000000,0.03773585,0.30000000,0.05660377
BM25,lemmatized_words,23,0.16544417,0.00000000,0.00000000,0.33333333,0.02083333,0.40000000,0.04166667,0.40000000,0.08333333
BM25,lemmatized_words,24,0.29205790,1.00000000,0.01923077,1.00000000,0.05769231,0.80000000,0.07692308,0.70000000,0.13461538
BM25,lemmatized_words,25,0.21918517,0.00000000,0.00000000,0.00000000,0.00000000,0.20000000,0.03030303,0.20000000,0.06060606
BM25,lemmatized_words,26,0.44891841,1.00000000,0.01785714,1.00000000,0.05357143,0.80000000,0.07142857,0.80000000,0.14285714
BM25,lemmatized_words,27,0.25137499,0.00000000,0.00000000,0.00000000,0.00000000,0.20000000,0.00869565,0.20000000,0.01739130
BM25,lemmatized_words,28,0.24151808,1.00000000,0.01666667,1.00000000,0.05000000,0.80000000,0.06666667,0.80000000,0.13333333
BM25,lemmatized_words,29,0.11734517,0.00000000,0.00000000,0.33333333,0.02083333,0.20000000,0.02083333,0.40000000,0.08333333
BM25,lemmatized_words,30,0.35480276,1.00000000,0.00746269,1.00000000,0.02238806,0.60000000,0.02238806,0.80000000,0.05970149
BM25,lemmatized_words,31,0.10866054,1.00000000,0.01639344,0.66666667,0.03278689,0.40000000,0.03278689,0.20000000,0.03278689
BM25,lemmatized_words,32,0.16676062,0.00000000,0.00000000,0.33333333,0.00854701,0.40000000,0.01709402,0.30000000,0.02564103
BM25,lemmatized_words,33,0.05335201,0.00000000,0.00000000,0.00000000,0.00000000,0.00000000,0.00000000,0.00000000,0.00000000
BM25,lemmatized_words,34,0.13246494,0.00000000,0.00000000,0.33333333,0.02631579,0.20000000,0.02631579,0.50000000,0.13157895
BM25,lemmatized_words,35,0.21206055,1.00000000,0.02325581,0.66666667,0.04651163,0.40000000,0.04651163,0.50000000,0.11627907
BM25,lemmatized_words,37,0.09185980,0.00000000,0.00000000,0.00000000,0.00000000,0.00000000,0.00000000,0.20000000,0.05000000
BM25,lemmatized_words,39,0.10621705,1.00000000,0.05555556,0.33333333,0.05555556,0.20000000,0.05555556,0.10000000,0.05555556
BM25,lemmatized_words,41,0.17343754,0.00000000,0.00000000,0.33333333,0.09090909,0.20000000,0.09090909,0.30000000,0.27272727
BM25,lemmatized_words,42,0.13368229,0.00000000,0.00000000,0.00000000,0.00000000,0.20000000,0.02000000,0.30000000,0.06000000
BM25,lemmatized_words,43,0.02522376,0.00000000,0.00000000,0.00000000,0.00000000,0.00000000,0.00000000,0.00000000,0.00000000
BM25,lemmatized_words,44,0.27255717,1.00000000,0.00645161,1.00000000,0.01935484,0.60000000,0.01935484,0.60000000,0.03870968
BM25,lemmatized_words,45,0.18092699,0.00000000,0.00000000,0.33333333,0.01298701,0.60000000,0.03896104,0.30000000,0.03896104
BM25,lemmatized_words,46,0.29081467,1.00000000,0.00862069,0.66666667,0.01724138,0.80000000,0.03448276,0.70000000,0.06034483
BM25,lemmatized_words,49,0.12652119,1.00000000,0.02941176,0.33333333,0.02941176,0.40000000,0.05882353,0.30000000,0.08823529
BM25,lemmatized_words,50,0.40458043,1.00000000,0.01123596,0.66666667,0.02247191,0.80000000,0.04494382,0.70000000,0.07865169
BM25,lemmatized_words,52,0.59635245,1.00000000,0.06666667,1.00000000,0.20000000,1.00000000,0.33333333,0.60000000,0.40000000
BM25,lemmatized_words,54,0.16314445,0.00000000,0.00000000,0.00000000,0.00000000,0.00000000,0.00000000,0.10000000,0.01960784
BM25,lemmatized_words,55,0.75043078,1.00000000,0.05555556,1.00000000,0.16666667,1.00000000,0.27777778,0.90000000,0.50000000
BM25,lemmatized_words,56,0.07891336,0.00000000,0.00000000,0.00000000,0.00000000,0.00000000,0.00000000,0.00000000,0.00000000
BM25,lemmatized_words,57,0.18396195,1.00000000,0.05555556,0.66666667,0.11111111,0.40000000,0.11111111,0.30000000,0.16666667
BM25,lemmatized_words,58,0.39450982,0.00000000,0.00000000,0.66666667,0.04347826,0.60000000,0.06521739,0.80000000,0.17391304
BM25,lemmatized_words,61,0.03547848,0.00000000,0.00000000,0.00000000,0.00000000,0.00000000,0.00000000,0.00000000,0.00000000
BM25,lemmatized_words,62,0.57330404,1.00000000,0.08333333,1.00000000,0.25000000,0.80000000,0.33333333,0.60000000,0.50000000
BM25,lemmatized_words,65,0.29071973,1.00000000,0.07692308,0.66666667,0.15384615,0.60000000,0.23076923,0.30000000,0.23076923
BM25,lemmatized_words,66,0.55833739,1.00000000,0.02857143,1.00000000,0.08571429,1.00000000,0.14285714,0.60000000,0.17142857
BM25,lemmatized_words,67,0.17398031,0.00000000,0.00000000,0.33333333,0.03125000,0.20000000,0.03125000,0.40000000,0.12500000
BM25,lemmatized_words,69,0.24304591,0.00000000,0.00000000,0.66666667,0.13333333,0.40000000,0.13333333,0.30000000,0.20000000
BM25,lemmatized_words,71,0.27739462,1.00000000,0.03703704,0.66666667,0.07407407,0.60000000,0.11111111,0.40000000,0.14814815
BM25,lemmatized_words,76,0.40304694,1.00000000,0.01666667,1.00000000,0.05000000,0.60000000,0.05000000,0.70000000,0.11666667
BM25,lemmatized_words,79,0.26299589,1.00000000,0.09090909,0.66666667,0.18181818,0.40000000,0.18181818,0.30000000,0.27272727
BM25,lemmatized_words,81,0.14266650,1.00000000,0.09090909,0.33333333,0.09090909,0.20000000,0.09090909,0.20000000,0.18181818
BM25,lemmatized_words,82,0.03977690,0.00000000,0.00000000,0.00000000,0.00000000,0.00000000,0.00000000,0.10000000,0.10000000
BM25,lemmatized_words,84,0.06525759,0.00000000,0.00000000,0.00000000,0.00000000,0.00000000,0.00000000,0.00000000,0.00000000
BM25,lemmatized_words,90,0.10428244,1.00000000,0.01428571,0.33333333,0.01428571,0.20000000,0.01428571,0.20000000,0.02857143
BM25,lemmatized_words,92,0.14279316,1.00000000,0.02631579,0.66666667,0.05263158,0.80000000,0.10526316,0.50000000,0.13157895
BM25,lemmatized_words,95,0.16110205,0.00000000,0.00000000,0.33333333,0.09090909,0.60000000,0.27272727,0.30000000,0.27272727
BM25,lemmatized_words,96,0.03404958,0.00000000,0.00000000,0.00000000,0.00000000,0.00000000,0.00000000,0.00000000,0.00000000
BM25,lemmatized_words,97,0.09796937,0.00000000,0.00000000,0.00000000,0.00000000,0.00000000,0.00000000,0.10000000,0.16666667
BM25,lemmatized_words,98,0.37521574,1.00000000,0.03448276,0.66666667,0.06896552,0.80000000,0.13793103,0.60000000,0.20689655
BM25,lemmatized_words,99,0.34109331,1.00000000,0.02941176,1.00000000,0.08823529,1.00000000,0.14705882,0.60000000,0.17647059
BM25,lemmatized_words,100,0.06888671,1.00000000,0.05555556,0.33333333,0.05555556,0.20000000,0.05555556,0.10000000,0.05555556
BM25,lemmatized_words,101,1.00000000,1.00000000,1.00000000,0.33333333,1.00000000,0.20000000,1.00000000,0.10000000,1.00000000
BM25,lemmatized_words,102,0.47841894,1.00000000,0.04166667,1.00000000,0.12500000,0.80000000,0.16666667,0.70000000,0.29166667
BM25,lemmatized_words,104,0.04053043,0.00000000,0.00000000,0.00000000,0.00000000,0.00000000,0.00000000,0.10000000,0.09090909
BM25,lemmatized_words,109,0.16945627,1.00000000,0.01408451,0.66666667,0.02816901,0.40000000,0.02816901,0.50000000,0.07042254
BM25,lemmatized_words,111,0.36563950,0.00000000,0.00000000,0.33333333,0.16666667,0.40000000,0.33333333,0.40000000,0.66666667
BM25,title_tokens,1,0.36745411,1.00000000,0.02173913,1.00000000,0.06521739,1.00000000,0.10869565,0.80000000,0.17391304
BM25,title_tokens,2,0.01032993,0.00000000,0.00000000,0.00000000,0.00000000,0.00000000,0.00000000,0.00000000,0.00000000
BM25,title_tokens,3,0.30822338,1.00000000,0.02272727,0.66666667,0.04545455,0.60000000,0.06818182,0.60000000,0.13636364
BM25,title_tokens,4,0.08541667,0.00000000,0.00000000,0.00000000,0.00000000,0.20000000,0.12500000,0.20000000,0.25000000
BM25,title_tokens,5,0.05748556,1.00000000,0.04166667,0.33333333,0.04166667,0.20000000,0.04166667,0.10000000,0.04166667
BM25,title_tokens,6,0.00000000,0.00000000,0.00000000,0.00000000,0.00000000,0.00000000,0.00000000,0.00000000,0.00000000
BM25,title_tokens,7,0.00629918,0.00000000,0.00000000,0.00000000,0.00000000,0.00000000,0.00000000,0.00000000,0.00000000
BM25,title_tokens,8,0.00334676,0.00000000,0.00000000,0.00000000,0.00000000,0.00000000,0.00000000,0.00000000,0.00000000
BM25,title_tokens,9,0.15053620,1.00000000,0.02941176,1.00000000,0.08823529,0.60000000,0.08823529,0.50000000,0.14705882
BM25,title_tokens,10,0.04857556,0.00000000,0.00000000,0.00000000,0.00000000,0.00000000,0.00000000,0.10000000,0.03846154
BM25,title_tokens,11,0.11159128,0.00000000,0.00000000,0.33333333,0.00787402,0.40000000,0.01574803,0.30000000,0.02362205
BM25,title_tokens,12,0.05876574,0.00000000,0.00000000,0.00000000,0.00000000,0.20000000,0.07692308,0.20000000,0.15384615
BM25,title_tokens,13,0.26939648,0.00000000,0.00000000,0.66666667,0.02197802,0.60000000,0.03296703,0.80000000,0.08791209
BM25,title_tokens,14,0.01587302,0.00000000,0.00000000,0.00000000,0.00000000,0.00000000,0.00000000,0.00000000,0.00000000
BM25,title_tokens,15,0.13962548,1.00000000,0.01219512,0.66666667,0.02439024,0.40000000,0.02439024,0.50000000,0.06097561
BM25,title_tokens,16,0.01243365,0.00000000,0.00000000,0.00000000,0.00000000,0.00000000,0.00000000,0.00000000,0.00000000
BM25,title_tokens,17,0.00341421,0.00000000,0.00000000,0.00000000,0.00000000,0.00000000,0.00000000,0.00000000,0.00000000
BM25,title_tokens,18,0.07900071,0.00000000,0.00000000,0.00000000,0.00000000,0.20000000,0.09090909,0.10000000,0.09090909
BM25,title_tokens,19,0.07703296,1.00000000,0.01234568,0.33333333,0.01234568,0.60000000,0.03703704,0.50000000,0.06172840
BM25,title_tokens,20,0.10751633,1.00000000,0.00694444,0.33333333,0.00694444,0.40000000,0.01388889,0.20000000,0.01388889
BM25,title_tokens,21,0.01254523,0.00000000,0.00000000,0.00000000,0.00000000,0.00000000,0.00000000,0.10000000,0.04000000
BM25,title_tokens,22,0.03618008,0.00000000,0.00000000,0.00000000,0.00000000,0.20000000,0.01886792,0.10000000,0.01886792
BM25,title_tokens,23,0.05730646,0.00000000,0.00000000,0.00000000,0.00000000,0.20000000,0.02083333,0.20000000,0.04166667
BM25,title_tokens,24,0.07952521,1.00000000,0.01923077,0.33333333,0.01923077,0.60000000,0.05769231,0.40000000,0.07692308
BM25,title_tokens,25,0.05288301,0.00000000,0.00000000,0.00000000,0.00000000,0.00000000,0.00000000,0.10000000,0.03030303
BM25,title_tokens,26,0.21492557,1.00000000,0.01785714,0.66666667,0.03571429,0.80000000,0.07142857,0.70000000,0.12500000
BM25,title_tokens,27,0.13718518,0.00000000,0.00000000,0.33333333,0.00869565,0.20000000,0.00869565,0.20000000,0.01739130
BM25,title_tokens,28,0.06621859,1.00000000,0.01666667,1.00000000,0.05000000,0.60000000,0.05000000,0.30000000,0.05000000
BM25,title_tokens,29,0.02523148,0.00000000,0.00000000,0.00000000,0.00000000,0.20000000,0.02083333,0.20000000,0.04166667
BM25,title_tokens,30,0.10043383,0.00000000,0.00000000,0.00000000,0.00000000,0.00000000,0.00000000,0.10000000,0.00746269
BM25,title_tokens,31,0.03414263,0.00000000,0.00000000,0.33333333,0.01639344,0.20000000,0.01639344,0.10000000,0.01639344
BM25,title_tokens,32,0.04318917,0.00000000,0.00000000,0.33333333,0.00854701,0.40000000,0.01709402,0.30000000,0.02564103
BM25,title_tokens,33,0.02202490,0.00000000,0.00000000,0.00000000,0.00000000,0.00000000,0.00000000,0.00000000,0.00000000
BM25,title_tokens,34,0.01228483,0.00000000,0.00000000,0.00000000,0.00000000,0.00000000,0.00000000,0.10000000,0.02631579
BM25,title_tokens,35,0.09577119,1.00000000,0.02325581,0.66666667,0.04651163,0.40000000,0.04651163,0.30000000,0.06976744
BM25,title_tokens,37,0.04378964,0.00000000,0.00000000,0.00000000,0.00000000,0.40000000,0.05000000,0.20000000,0.05000000
BM25,title_tokens,39,0.05923203,0.00000000,0.00000000,0.00000000,0.00000000,0.00000000,0.00000000,0.30000000,0.16666667
BM25,title_tokens,41,0.00872069,0.00000000,0.00000000,0.00000000,0.00000000,0.00000000,0.00000000,0.00000000,0.00000000
BM25,title_tokens,42,0.06335762,0.00000000,0.00000000,0.00000000,0.00000000,0.00000000,0.00000000,0.00000000,0.00000000
BM25,title_tokens,43,0.05706374,0.00000000,0.00000000,0.00000000,0.00000000,0.00000000,0.00000000,0.20000000,0.15384615
BM25,title_tokens,44,0.09339953,0.00000000,0.00000000,0.00000000,0.00000000,0.20000000,0.00645161,0.20000000,0.01290323
BM25,title_tokens,45,0.08308243,1.00000000,0.01298701,0.33333333,0.01298701,0.40000000,0.02597403,0.30000000,0.03896104
BM25,title_tokens,46,0.19983670,1.00000000,0.00862069,1.00000000,0.02586207,0.60000000,0.02586207,0.30000000,0.02586207
BM25,title_tokens,49,0.10457264,0.00000000,0.00000000,0.33333333,0.02941176,0.40000000,0.05882353,0.30000000,0.08823529
BM25,title_tokens,50,0.25304527,1.00000000,0.01123596,0.66666667,0.02247191,0.40000000,0.02247191,0.50000000,0.05617978
BM25,title_tokens,52,0.36590445,1.00000000,0.06666667,0.66666667,0.13333333,0.60000000,0.20000000,0.60000000,0.40000000
BM25,title_tokens,54,0.08809378,0.00000000,0.00000000,0.33333333,0.01960784,0.20000000,0.01960784,0.20000000,0.03921569
BM25,title_tokens,55,0.60056401,1.00000000,0.05555556,1.00000000,0.16666667,1.00000000,0.27777778,1.00000000,0.55555556
BM25,title_tokens,56,0.04355843,0.00000000,0.00000000,0.00000000,0.00000000,0.00000000,0.00000000,0.10000000,0.02222222
BM25,title_tokens,57,0.04758727,0.00000000,0.00000000,0.33333333,0.05555556,0.20000000,0.05555556,0.20000000,0.11111111
BM25,title_tokens,58,0.09866094,0.00000000,0.00000000,0.00000000,0.00000000,0.40000000,0.04347826,0.20000000,0.04347826
BM25,title_tokens,61,0.00585792,0.00000000,0.00000000,0.00000000,0.00000000,0.00000000,0.00000000,0.00000000,0.00000000
BM25,title_tokens,62,0.52430556,1.00000000,0.08333333,1.00000000,0.25000000,1.00000000,0.41666667,0.60000000,0.50000000
BM25,title_tokens,65,0.04591563,0.00000000,0.00000000,0.00000000,0.00000000,0.20000000,0.07692308,0.10000000,0.07692308
BM25,title_tokens,66,0.18279160,1.00000000,0.02857143,0.33333333,0.02857143,0.60000000,0.08571429,0.40000000,0.11428571
BM25,title_tokens,67,0.06105451,0.00000000,0.00000000,0.00000000,0.00000000,0.00000000,0.00000000,0.00000000,0.00000000
BM25,title_tokens,69,0.13974771,0.00000000,0.00000000,0.00000000,0.00000000,0.40000000,0.13333333,0.40000000,0.26666667
BM25,title_tokens,71,0.03817066,0.00000000,0.00000000,0.00000000,0.00000000,0.20000000,0.03703704,0.10000000,0.03703704
BM25,title_tokens,76,0.15688299,0.00000000,0.00000000,0.33333333,0.01666667,0.60000000,0.05000000,0.70000000,0.11666667
BM25,title_tokens,79,0.11377607,1.00000000,0.09090909,0.33333333,0.09090909,0.20000000,0.09090909,0.10000000,0.09090909
BM25,title_tokens,81,0.01598337,0.00000000,0.00000000,0.00000000,0.00000000,0.00000000,0.00000000,0.00000000,0.00000000
BM25,title_tokens,82,0.02434155,0.00000000,0.00000000,0.00000000,0.00000000,0.00000000,0.00000000,0.10000000,0.10000000
BM25,title_tokens,84,0.15844400,1.00000000,0.09090909,0.33333333,0.09090909,0.20000000,0.09090909,0.10000000,0.09090909
BM25,title_tokens,90,0.10766617,0.00000000,0.00000000,0.00000000,0.00000000,0.20000000,0.01428571,0.50000000,0.07142857
BM25,title_tokens,92,0.01280931,0.00000000,0.00000000,0.00000000,0.00000000,0.00000000,0.00000000,0.00000000,0.00000000
BM25,title_tokens,95,0.15549797,1.00000000,0.09090909,0.66666667,0.18181818,0.40000000,0.18181818,0.20000000,0.18181818
BM25,title_tokens,96,0.13303409,1.00000000,0.11111111,0.33333333,0.11111111,0.20000000,0.11111111,0.10000000,0.11111111
BM25,title_tokens,97,0.10456058,0.00000000,0.00000000,0.33333333,0.16666667,0.20000000,0.16666667,0.10000000,0.16666667
BM25,title_tokens,98,0.19825829,1.00000000,0.03448276,1.00000000,0.10344828,0.80000000,0.13793103,0.40000000,0.13793103
BM25,title_tokens,99,0.12969734,0.00000000,0.00000000,0.66666667,0.05882353,0.60000000,0.08823529,0.30000000,0.08823529
BM25,title_tokens,100,0.00638186,0.00000000,0.00000000,0.00000000,0.00000000,0.00000000,0.00000000,0.00000000,0.00000000
BM25,title_tokens,101,0.00699301,0.00000000,0.00000000,0.00000000,0.00000000,0.00000000,0.00000000,0.00000000,0.00000000
BM25,title_tokens,102,0.26816488,1.00000000,0.04166667,1.00000000,0.12500000,0.80000000,0.16666667,0.40000000,0.16666667
BM25,title_tokens,104,0.04110501,0.00000000,0.00000000,0.00000000,0.00000000,0.00000000,0.00000000,0.00000000,0.00000000
BM25,title_tokens,109,0.14927818,0.00000000,0.00000000,0.33333333,0.01408451,0.60000000,0.04225352,0.40000000,0.05633803
BM25,title_tokens,111,0.42155067,1.00000000,0.16666667,0.66666667,0.33333333,0.40000000,0.33333333,0.30000000,0.50000000
BM25,title_stemmed,1,0.38500657,1.00000000,0.02173913,0.66666667,0.04347826,0.60000000,0.06521739,0.70000000,0.15217391
BM25,title_stemmed,2,0.02449303,0.00000000,0.00000000,0.00000000,0.00000000,0.00000000,0.00000000,0.00000000,0.00000000
BM25,title_stemmed,3,0.27244991,1.00000000,0.02272727,0.33333333,0.02272727,0.60000000,0.06818182,0.50000000,0.11363636
BM25,title_stemmed,4,0.11369859,0.00000000,0.00000000,0.33333333,0.12500000,0.20000000,0.12500000,0.10000000,0.12500000
BM25,title_stemmed,5,0.11023428,1.00000000,0.04166667,0.66666667,0.08333333,0.40000000,0.08333333,0.20000000,0.08333333
BM25,title_stemmed,6,0.00000000,0.00000000,0.00000000,0.00000000,0.00000000,0.00000000,0.00000000,0.00000000,0.00000000
BM25,title_stemmed,7,0.00787574,0.00000000,0.00000000,0.00000000,0.00000000,0.00000000,0.00000000,0.00000000,0.00000000
BM25,title_stemmed,8,0.00484330,0.00000000,0.00000000,0.00000000,0.00000000,0.00000000,0.00000000,0.00000000,0.00000000
BM25,title_stemmed,9,0.10913460,1.00000000,0.02941176,0.33333333,0.02941176,0.60000000,0.08823529,0.40000000,0.11764706
BM25,title_stemmed,10,0.20162018,1.00000000,0.03846154,1.00000000,0.11538462,0.80000000,0.15384615,0.40000000,0.15384615
BM25,title_stemmed,11,0.14335045,1.00000000,0.00787402,0.33333333,0.00787402,0.40000000,0.01574803,0.20000000,0.01574803
BM25,title_stemmed,12,0.12539067,1.00000000,0.07692308,0.33333333,0.07692308,0.20000000,0.07692308,0.20000000,0.15384615
BM25,title_stemmed,13,0.28201437,0.00000000,0.00000000,0.66666667,0.02197802,0.60000000,0.03296703,0.60000000,0.06593407
BM25,title_stemmed,14,0.01515152,0.00000000,0.00000000,0.00000000,0.00000000,0.00000000,0.00000000,0.00000000,0.00000000
BM25,title_stemmed,15,0.16044396,0.00000000,0.00000000,0.33333333,0.01219512,0.20000000,0.01219512,0.30000000,0.03658537
BM25,title_stemmed,16,0.01401285,0.00000000,0.00000000,0.00000000,0.00000000,0.00000000,0.00000000,0.00000000,0.00000000
BM25,title_stemmed,17,0.00323959,0.00000000,0.00000000,0.00000000,0.00000000,0.00000000,0.00000000,0.00000000,0.00000000
BM25,title_stemmed,18,0.09506137,0.00000000,0.00000000,0.33333333,0.09090909,0.20000000,0.09090909,0.20000000,0.18181818
BM25,title_stemmed,19,0.16629547,1.00000000,0.01234568,0.66666667,0.02469136,0.40000000,0.02469136,0.60000000,0.07407407
BM25,title_stemmed,20,0.12450625,1.00000000,0.00694444,0.33333333,0.00694444,0.40000000,0.01388889,0.20000000,0.01388889
BM25,title_stemmed,21,0.03556099,0.00000000,0.00000000,0.00000000,0.00000000,0.00000000,0.00000000,0.00000000,0.00000000
BM25,title_stemmed,22,0.02850922,0.00000000,0.00000000,0.00000000,0.00000000,0.00000000,0.00000000,0.00000000,0.00000000
BM25,title_stemmed,23,0.13132630,0.00000000,0.00000000,0.00000000,0.00000000,0.20000000,0.02083333,0.40000000,0.08333333
BM25,title_stemmed,24,0.12578946,1.00000000,0.01923077,0.33333333,0.01923077,0.60000000,0.05769231,0.40000000,0.07692308
BM25,title_stemmed,25,0.07054379,0.00000000,0.00000000,0.00000000,0.00000000,0.20000000,0.03030303,0.10000000,0.03030303
BM25,title_stemmed,26,0.28176308,1.00000000,0.01785714,1.00000000,0.05357143,0.80000000,0.07142857,0.80000000,0.14285714
BM25,title_stemmed,27,0.16015249,0.00000000,0.00000000,0.00000000,0.00000000,0.20000000,0.00869565,0.10000000,0.00869565
BM25,title_stemmed,28,0.08500997,1.00000000,0.01666667,0.66666667,0.03333333,0.60000000,0.05000000,0.30000000,0.05000000
BM25,title_stemmed,29,0.09010494,0.00000000,0.00000000,0.00000000,0.00000000,0.00000000,0.00000000,0.10000000,0.02083333
BM25,title_stemmed,30,0.19711920,0.00000000,0.00000000,0.00000000,0.00000000,0.00000000,0.00000000,0.20000000,0.01492537
BM25,title_stemmed,31,0.11348376,0.00000000,0.00000000,0.66666667,0.03278689,0.40000000,0.03278689,0.40000000,0.06557377
BM25,title_stemmed,32,0.11741781,0.00000000,0.00000000,0.33333333,0.00854701,0.40000000,0.01709402,0.30000000,0.02564103
BM25,title_stemmed,33,0.01672630,0.00000000,0.00000000,0.00000000,0.00000000,0.00000000,0.00000000,0.00000000,0.00000000
BM25,title_stemmed,34,0.04681685,0.00000000,0.00000000,0.00000000,0.00000000,0.00000000,0.00000000,0.00000000,0.00000000
BM25,title_stemmed,35,0.13326928,1.00000000,0.02325581,0.66666667,0.04651163,0.60000000,0.06976744,0.50000000,0.11627907
BM25,title_stemmed,37,0.09121666,1.00000000,0.02500000,0.33333333,0.02500000,0.40000000,0.05000000,0.20000000,0.05000000
BM25,title_stemmed,39,0.04712023,0.00000000,0.00000000,0.00000000,0.00000000,0.20000000,0.05555556,0.10000000,0.05555556
BM25,title_stemmed,41,0.02387664,0.00000000,0.00000000,0.00000000,0.00000000,0.00000000,0.00000000,0.10000000,0.09090909
BM25,title_stemmed,42,0.05694310,0.00000000,0.00000000,0.00000000,0.00000000,0.00000000,0.00000000,0.00000000,0.00000000
BM25,title_stemmed,43,0.02227229,0.00000000,0.00000000,0.00000000,0.00000000,0.00000000,0.00000000,0.00000000,0.00000000
BM25,title_stemmed,44,0.11204061,0.00000000,0.00000000,0.00000000,0.00000000,0.20000000,0.00645161,0.10000000,0.00645161
BM25,title_stemmed,45,0.11756651,1.00000000,0.01298701,0.33333333,0.01298701,0.20000000,0.01298701,0.20000000,0.02597403
BM25,title_stemmed,46,0.24097969,1.00000000,0.00862069,0.66666667,0.01724138,0.80000000,0.03448276,0.50000000,0.04310345
BM25,title_stemmed,49,0.04666226,0.00000000,0.00000000,0.00000000,0.00000000,0.00000000,0.00000000,0.20000000,0.05882353
BM25,title_stemmed,50,0.28319932,0.00000000,0.00000000,0.66666667,0.02247191,0.60000000,0.03370787,0.60000000,0.06741573
BM25,title_stemmed,52,0.27228681,1.00000000,0.06666667,0.66666667,0.13333333,0.40000000,0.13333333,0.40000000,0.26666667
BM25,title_stemmed,54,0.13094766,0.00000000,0.00000000,0.66666667,0.03921569,0.40000000,0.03921569,0.40000000,0.07843137
BM25,title_stemmed,55,0.57764781,1.00000000,0.05555556,1.00000000,0.16666667,1.00000000,0.27777778,0.90000000,0.50000000
BM25,title_stemmed,56,0.05453127,1.00000000,0.02222222,0.33333333,0.02222222,0.20000000,0.02222222,0.10000000,0.02222222
BM25,title_stemmed,57,0.09526632,1.00000000,0.05555556,0.33333333,0.05555556,0.20000000,0.05555556,0.10000000,0.05555556
BM25,title_stemmed,58,0.24964433,1.00000000,0.02173913,0.66666667,0.04347826,0.60000000,0.06521739,0.50000000,0.10869565
BM25,title_stemmed,61,0.00994535,0.00000000,0.00000000,0.00000000,0.00000000,0.00000000,0.00000000,0.00000000,0.00000000
BM25,title_stemmed,62,0.43651528,1.00000000,0.08333333,1.00000000,0.25000000,0.80000000,0.33333333,0.60000000,0.50000000
BM25,title_stemmed,65,0.30967679,1.00000000,0.07692308,0.66666667,0.15384615,0.60000000,0.23076923,0.40000000,0.30769231
BM25,title_stemmed,66,0.37628157,1.00000000,0.02857143,0.33333333,0.02857143,0.60000000,0.08571429,0.70000000,0.20000000
BM25,title_stemmed,67,0.06270552,0.00000000,0.00000000,0.00000000,0.00000000,0.00000000,0.00000000,0.20000000,0.06250000
BM25,title_stemmed,69,0.11551168,0.00000000,0.00000000,0.33333333,0.06666667,0.20000000,0.06666667,0.30000000,0.20000000
BM25,title_stemmed,71,0.07642384,1.00000000,0.03703704,0.33333333,0.03703704,0.20000000,0.03703704,0.20000000,0.07407407
BM25,title_stemmed,76,0.33381756,1.00000000,0.01666667,0.66666667,0.03333333,0.60000000,0.05000000,0.70000000,0.11666667
BM25,title_stemmed,79,0.12385247,1.00000000,0.09090909,0.33333333,0.09090909,0.20000000,0.09090909,0.10000000,0.09090909
BM25,title_stemmed,81,0.01381388,0.00000000,0.00000000,0.00000000,0.00000000,0.00000000,0.00000000,0.00000000,0.00000000
BM25,title_stemmed,82,0.04840283,0.00000000,0.00000000,0.00000000,0.00000000,0.20000000,0.10000000,0.10000000,0.10000000
BM25,title_stemmed,84,0.10385798,0.00000000,0.00000000,0.33333333,0.09090909,0.20000000,0.09090909,0.10000000,0.09090909
BM25,title_stemmed,90,0.08575217,0.00000000,0.00000000,0.00000000,0.00000000,0.00000000,0.00000000,0.00000000,0.00000000
BM25,title_stemmed,92,0.02325776,0.00000000,0.00000000,0.00000000,0.00000000,0.00000000,0.00000000,0.00000000,0.00000000
BM25,title_stemmed,95,0.15618956,1.00000000,0.09090909,0.66666667,0.18181818,0.40000000,0.18181818,0.20000000,0.18181818
BM25,title_stemmed,96,0.04865402,0.00000000,0.00000000,0.33333333,0.11111111,0.20000000,0.11111111,0.10000000,0.11111111
BM25,title_stemmed,97,0.27902519,1.00000000,0.16666667,0.33333333,0.16666667,0.40000000,0.33333333,0.20000000,0.33333333
BM25,title_stemmed,98,0.24981269,1.00000000,0.03448276,1.00000000,0.10344828,0.80000000,0.13793103,0.40000000,0.13793103
BM25,title_stemmed,99,0.20907531,1.00000000,0.02941176,1.00000000,0.08823529,0.60000000,0.08823529,0.40000000,0.11764706
BM25,title_stemmed,100,0.00805738,0.00000000,0.00000000,0.00000000,0.00000000,0.00000000,0.00000000,0.00000000,0.00000000
BM25,title_stemmed,101,0.00487805,0.00000000,0.00000000,0.00000000,0.00000000,0.00000000,0.00000000,0.00000000,0.00000000
BM25,title_stemmed,102,0.26756864,1.00000000,0.04166667,1.00000000,0.12500000,0.80000000,0.16666667,0.50000000,0.20833333
BM25,title_stemmed,104,0.02788590,0.00000000,0.00000000,0.00000000,0.00000000,0.00000000,0.00000000,0.00000000,0.00000000
BM25,title_stemmed,109,0.12391309,0.00000000,0.00000000,0.33333333,0.01408451,0.20000000,0.01408451,0.30000000,0.04225352
BM25,title_stemmed,111,0.47873377,1.00000000,0.16666667,0.66666667,0.33333333,0.60000000,0.50000000,0.40000000,0.66666667
BM25,title_lemmatized,1,0.36288846,1.00000000,0.02173913,0.33333333,0.02173913,0.60000000,0.06521739,0.70000000,0.15217391
BM25,title_lemmatized,2,0.00911780,0.00000000,0.00000000,0.00000000,0.00000000,0.00000000,0.00000000,0.00000000,0.00000000
BM25,title_lemmatized,3,0.29365787,1.00000000,0.02272727,0.66666667,0.04545455,0.60000000,0.06818182,0.50000000,0.11363636
BM25,title_lemmatized,4,0.07207792,0.00000000,0.00000000,0.00000000,0.00000000,0.20000000,0.12500000,0.20000000,0.25000000
BM25,title_lemmatized,5,0.06800092,1.00000000,0.04166667,0.33333333,0.04166667,0.20000000,0.04166667,0.10000000,0.04166667
BM25,title_lemmatized,6,0.00000000,0.00000000,0.00000000,0.00000000,0.00000000,0.00000000,0.00000000,0.00000000,0.00000000
BM25,title_lemmatized,7,0.01211093,0.00000000,0.00000000,0.00000000,0.00000000,0.00000000,0.00000000,0.00000000,0.00000000
BM25,title_lemmatized,8,0.00549122,0.00000000,0.00000000,0.00000000,0.00000000,0.00000000,0.00000000,0.00000000,0.00000000
BM25,title_lemmatized,9,0.10685784,1.00000000,0.02941176,0.33333333,0.02941176,0.60000000,0.08823529,0.40000000,0.11764706
BM25,title_lemmatized,10,0.04546727,0.00000000,0.00000000,0.00000000,0.00000000,0.00000000,0.00000000,0.10000000,0.03846154
BM25,title_lemmatized,11,0.13803513,1.00000000,0.00787402,0.33333333,0.00787402,0.40000000,0.01574803,0.20000000,0.01574803
BM25,title_lemmatized,12,0.12549976,1.00000000,0.07692308,0.33333333,0.07692308,0.20000000,0.07692308,0.20000000,0.15384615
BM25,title_lemmatized,13,0.25502104,0.00000000,0.00000000,0.66666667,0.02197802,0.60000000,0.03296703,0.60000000,0.06593407
BM25,title_lemmatized,14,0.01587302,0.00000000,0.00000000,0.00000000,0.00000000,0.00000000,0.00000000,0.00000000,0.00000000
BM25,title_lemmatized,15,0.16572157,0.00000000,0.00000000,0.33333333,0.01219512,0.40000000,0.02439024,0.30000000,0.03658537
BM25,title_lemmatized,16,0.01291526,0.00000000,0.00000000,0.00000000,0.00000000,0.00000000,0.00000000,0.00000000,0.00000000
BM25,title_lemmatized,17,0.00336030,0.00000000,0.00000000,0.00000000,0.00000000,0.00000000,0.00000000,0.00000000,0.00000000
BM25,title_lemmatized,18,0.13604757,0.00000000,0.00000000,0.33333333,0.09090909,0.40000000,0.18181818,0.20000000,0.18181818
BM25,title_lemmatized,19,0.11612075,1.00000000,0.01234568,0.33333333,0.01234568,0.60000000,0.03703704,0.50000000,0.06172840
BM25,title_lemmatized,20,0.10629419,1.00000000,0.00694444,0.33333333,0.00694444,0.40000000,0.01388889,0.20000000,0.01388889
BM25,title_lemmatized,21,0.03768521,0.00000000,0.00000000,0.00000000,0.00000000,0.00000000,0.00000000,0.00000000,0.00000000
BM25,title_lemmatized,22,0.03097010,0.00000000,0.00000000,0.00000000,0.00000000,0.00000000,0.00000000,0.10000000,0.01886792
BM25,title_lemmatized,23,0.14909559,1.00000000,0.02083333,0.66666667,0.04166667,0.60000000,0.06250000,0.40000000,0.08333333
BM25,title_lemmatized,24,0.07310389,1.00000000,0.01923077,0.33333333,0.01923077,0.60000000,0.05769231,0.40000000,0.07692308
BM25,title_lemmatized,25,0.07059063,0.00000000,0.00000000,0.00000000,0.00000000,0.20000000,0.03030303,0.10000000,0.03030303
BM25,title_lemmatized,26,0.29888403,1.00000000,0.01785714,1.00000000,0.05357143,0.80000000,0.07142857,0.90000000,0.16071429
BM25,title_lemmatized,27,0.13152677,0.00000000,0.00000000,0.00000000,0.00000000,0.20000000,0.00869565,0.10000000,0.00869565
BM25,title_lemmatized,28,0.08538990,1.00000000,0.01666667,0.66666667,0.03333333,0.60000000,0.05000000,0.30000000,0.05000000
BM25,title_lemmatized,29,0.03699216,0.00000000,0.00000000,0.00000000,0.00000000,0.00000000,0.00000000,0.10000000,0.02083333
BM25,title_lemmatized,30,0.19685727,0.00000000,0.00000000,0.00000000,0.00000000,0.00000000,0.00000000,0.20000000,0.01492537
BM25,title_lemmatized,31,0.05497761,0.00000000,0.00000000,0.33333333,0.01639344,0.20000000,0.01639344,0.20000000,0.03278689
BM25,title_lemmatized,32,0.10953779,0.00000000,0.00000000,0.33333333,0.00854701,0.40000000,0.01709402,0.30000000,0.02564103
BM25,title_lemmatized,33,0.01764723,0.00000000,0.00000000,0.00000000,0.00000000,0.00000000,0.00000000,0.00000000,0.00000000
BM25,title_lemmatized,34,0.03048092,0.00000000,0.00000000,0.00000000,0.00000000,0.00000000,0.00000000,0.00000000,0.00000000
BM25,title_lemmatized,35,0.13328591,1.00000000,0.02325581,0.66666667,0.04651163,0.60000000,0.06976744,0.50000000,0.11627907
BM25,title_lemmatized,37,0.08561251,1.00000000,0.02500000,0.33333333,0.02500000,0.20000000,0.02500000,0.10000000,0.02500000
BM25,title_lemmatized,39,0.05831273,0.00000000,0.00000000,0.33333333,0.05555556,0.20000000,0.05555556,0.20000000,0.11111111
BM25,title_lemmatized,41,0.00461851,0.00000000,0.00000000,0.00000000,0.00000000,0.00000000,0.00000000,0.00000000,0.00000000
BM25,title_lemmatized,42,0.06139207,0.00000000,0.00000000,0.00000000,0.00000000,0.00000000,0.00000000,0.00000000,0.00000000
BM25,title_lemmatized,43,0.03762309,0.00000000,0.00000000,0.00000000,0.00000000,0.00000000,0.00000000,0.10000000,0.07692308
BM25,title_lemmatized,44,0.11401723,0.00000000,0.00000000,0.00000000,0.00000000,0.00000000,0.00000000,0.20000000,0.01290323
BM25,title_lemmatized,45,0.13729976,1.00000000,0.01298701,0.33333333,0.01298701,0.40000000,0.02597403,0.30000000,0.03896104
BM25,title_lemmatized,46,0.19321408,1.00000000,0.00862069,1.00000000,0.02586207,0.60000000,0.02586207,0.30000000,0.02586207
BM25,title_lemmatized,49,0.04772950,0.00000000,0.00000000,0.00000000,0.00000000,0.20000000,0.02941176,0.20000000,0.05882353
BM25,title_lemmatized,50,0.27497994,0.00000000,0.00000000,0.66666667,0.02247191,0.60000000,0.03370787,0.50000000,0.05617978
BM25,title_lemmatized,52,0.34605128,1.00000000,0.06666667,0.66666667,0.13333333,0.60000000,0.20000000,0.50000000,0.33333333
BM25,title_lemmatized,54,0.14363505,0.00000000,0.00000000,0.66666667,0.03921569,0.40000000,0.03921569,0.30000000,0.05882353
BM25,title_lemmatized,55,0.58019035,1.00000000,0.05555556,1.00000000,0.16666667,1.00000000,0.27777778,0.90000000,0.50000000
BM25,title_lemmatized,56,0.05929852,1.00000000,0.02222222,0.33333333,0.02222222,0.20000000,0.02222222,0.10000000,0.02222222
BM25,title_lemmatized,57,0.04321386,0.00000000,0.00000000,0.33333333,0.05555556,0.20000000,0.05555556,0.10000000,0.05555556
BM25,title_lemmatized,58,0.18141488,1.00000000,0.02173913,0.66666667,0.04347826,0.40000000,0.04347826,0.50000000,0.10869565
BM25,title_lemmatized,61,0.00484628,0.00000000,0.00000000,0.00000000,0.00000000,0.00000000,0.00000000,0.00000000,0.00000000
BM25,title_lemmatized,62,0.42674603,1.00000000,0.08333333,1.00000000,0.25000000,0.60000000,0.25000000,0.60000000,0.50000000
BM25,title_lemmatized,65,0.06227403,0.00000000,0.00000000,0.33333333,0.07692308,0.20000000,0.07692308,0.10000000,0.07692308
BM25,title_lemmatized,66,0.37181426,1.00000000,0.02857143,0.66666667,0.05714286,0.80000000,0.11428571,0.70000000,0.20000000
BM25,title_lemmatized,67,0.07047151,0.00000000,0.00000000,0.33333333,0.03125000,0.20000000,0.03125000,0.10000000,0.03125000
BM25,title_lemmatized,69,0.22432267,0.00000000,0.00000000,0.66666667,0.13333333,0.40000000,0.13333333,0.50000000,0.33333333
BM25,title_lemmatized,71,0.04541708,0.00000000,0.00000000,0.00000000,0.00000000,0.00000000,0.00000000,0.20000000,0.07407407
BM25,title_lemmatized,76,0.30879152,1.00000000,0.01666667,0.66666667,0.03333333,0.60000000,0.05000000,0.60000000,0.10000000
BM25,title_lemmatized,79,0.11864356,1.00000000,0.09090909,0.33333333,0.09090909,0.20000000,0.09090909,0.10000000,0.09090909
BM25,title_lemmatized,81,0.01428491,0.00000000,0.00000000,0.00000000,0.00000000,0.00000000,0.00000000,0.00000000,0.00000000
BM25,title_lemmatized,82,0.01822969,0.00000000,0.00000000,0.00000000,0.00000000,0.00000000,0.00000000,0.10000000,0.10000000
BM25,title_lemmatized,84,0.09055023,0.00000000,0.00000000,0.33333333,0.09090909,0.20000000,0.09090909,0.10000000,0.09090909
BM25,title_lemmatized,90,0.08260504,0.00000000,0.00000000,0.00000000,0.00000000,0.00000000,0.00000000,0.00000000,0.00000000
BM25,title_lemmatized,92,0.01801499,0.00000000,0.00000000,0.00000000,0.00000000,0.00000000,0.00000000,0.00000000,0.00000000
BM25,title_lemmatized,95,0.14133226,1.00000000,0.09090909,0.33333333,0.09090909,0.40000000,0.18181818,0.20000000,0.18181818
BM25,title_lemmatized,96,0.04060286,0.00000000,0.00000000,0.00000000,0.00000000,0.20000000,0.11111111,0.10000000,0.11111111
BM25,title_lemmatized,97,0.14745995,0.00000000,0.00000000,0.33333333,0.16666667,0.20000000,0.16666667,0.20000000,0.33333333
BM25,title_lemmatized,98,0.21712963,1.00000000,0.03448276,1.00000000,0.10344828,0.80000000,0.13793103,0.40000000,0.13793103
BM25,title_lemmatized,99,0.19932342,1.00000000,0.02941176,0.66666667,0.05882353,0.60000000,0.08823529,0.50000000,0.14705882
BM25,title_lemmatized,100,0.00763796,0.00000000,0.00000000,0.00000000,0.00000000,0.00000000,0.00000000,0.00000000,0.00000000
BM25,title_lemmatized,101,0.00714286,0.00000000,0.00000000,0.00000000,0.00000000,0.00000000,0.00000000,0.00000000,0.00000000
BM25,title_lemmatized,102,0.26703113,1.00000000,0.04166667,1.00000000,0.12500000,0.80000000,0.16666667,0.40000000,0.16666667
BM25,title_lemmatized,104,0.03089217,0.00000000,0.00000000,0.00000000,0.00000000,0.00000000,0.00000000,0.00000000,0.00000000
BM25,title_lemmatized,109,0.12318768,0.00000000,0.00000000,0.00000000,0.00000000,0.20000000,0.01408451,0.30000000,0.04225352
BM25,title_lemmatized,111,0.36595128,1.00000000,0.16666667,0.33333333,0.16666667,0.40000000,0.33333333,0.30000000,0.50000000
BM25,author_tokens,1,0.00000000,0.00000000,0.00000000,0.00000000,0.00000000,0.00000000,0.00000000,0.00000000,0.00000000
BM25,author_tokens,2,0.00000000,0.00000000,0.00000000,0.00000000,0.00000000,0.00000000,0.00000000,0.00000000,0.00000000
BM25,author_tokens,3,0.00000000,0.00000000,0.00000000,0.00000000,0.00000000,0.00000000,0.00000000,0.00000000,0.00000000
BM25,author_tokens,4,0.00000000,0.00000000,0.00000000,0.00000000,0.00000000,0.00000000,0.00000000,0.00000000,0.00000000
BM25,author_tokens,5,0.00000000,0.00000000,0.00000000,0.00000000,0.00000000,0.00000000,0.00000000,0.00000000,0.00000000
BM25,author_tokens,6,0.00000000,0.00000000,0.00000000,0.00000000,0.00000000,0.00000000,0.00000000,0.00000000,0.00000000
BM25,author_tokens,7,0.00000000,0.00000000,0.00000000,0.00000000,0.00000000,0.00000000,0.00000000,0.00000000,0.00000000
BM25,author_tokens,8,0.00000000,0.00000000,0.00000000,0.00000000,0.00000000,0.00000000,0.00000000,0.00000000,0.00000000
BM25,author_tokens,9,0.00000000,0.00000000,0.00000000,0.00000000,0.00000000,0.00000000,0.00000000,0.00000000,0.00000000
BM25,author_tokens,10,0.00000000,0.00000000,0.00000000,0.00000000,0.00000000,0.00000000,0.00000000,0.00000000,0.00000000
BM25,author_tokens,11,0.00000000,0.00000000,0.00000000,0.00000000,0.00000000,0.00000000,0.00000000,0.00000000,0.00000000
BM25,author_tokens,12,0.00000000,0.00000000,0.00000000,0.00000000,0.00000000,0.00000000,0.00000000,0.00000000,0.00000000
BM25,author_tokens,13,0.00000000,0.00000000,0.00000000,0.00000000,0.00000000,0.00000000,0.00000000,0.00000000,0.00000000
BM25,author_tokens,14,0.00000000,0.00000000,0.00000000,0.00000000,0.00000000,0.00000000,0.00000000,0.00000000,0.00000000
BM25,author_tokens,15,0.00000000,0.00000000,0.00000000,0.00000000,0.00000000,0.00000000,0.00000000,0.00000000,0.00000000
BM25,author_tokens,16,0.00000000,0.00000000,0.00000000,0.00000000,0.00000000,0.00000000,0.00000000,0.00000000,0.00000000
BM25,author_tokens,17,0.00000000,0.00000000,0.00000000,0.00000000,0.00000000,0.00000000,0.00000000,0.00000000,0.00000000
BM25,author_tokens,18,0.00000000,0.00000000,0.00000000,0.00000000,0.00000000,0.00000000,0.00000000,0.00000000,0.00000000
BM25,author_tokens,19,0.00000000,0.00000000,0.00000000,0.00000000,0.00000000,0.00000000,0.00000000,0.00000000,0.00000000
BM25,author_tokens,20,0.00000000,0.00000000,0.00000000,0.00000000,0.00000000,0.00000000,0.00000000,0.00000000,0.00000000
BM25,author_tokens,21,0.00000000,0.00000000,0.00000000,0.00000000,0.00000000,0.00000000,0.00000000,0.00000000,0.00000000
BM25,author_tokens,22,0.00000000,0.00000000,0.00000000,0.00000000,0.00000000,0.00000000,0.00000000,0.00000000,0.00000000
BM25,author_tokens,23,0.00000000,0.00000000,0.00000000,0.00000000,0.00000000,0.00000000,0.00000000,0.00000000,0.00000000
BM25,author_tokens,24,0.00000000,0.00000000,0.00000000,0.00000000,0.00000000,0.00000000,0.00000000,0.00000000,0.00000000
BM25,author_tokens,25,0.00000000,0.00000000,0.00000000,0.00000000,0.00000000,0.00000000,0.00000000,0.00000000,0.00000000
BM25,author_tokens,26,0.00000000,0.00000000,0.00000000,0.00000000,0.00000000,0.00000000,0.00000000,0.00000000,0.00000000
BM25,author_tokens,27,0.00000000,0.00000000,0.00000000,0.00000000,0.00000000,0.00000000,0.00000000,0.00000000,0.00000000
BM25,author_tokens,28,0.00000000,0.00000000,0.00000000,0.00000000,0.00000000,0.00000000,0.00000000,0.00000000,0.00000000
BM25,author_tokens,29,0.00000000,0.00000000,0.00000000,0.00000000,0.00000000,0.00000000,0.00000000,0.00000000,0.00000000
BM25,author_tokens,30,0.00000000,0.00000000,0.00000000,0.00000000,0.00000000,0.00000000,0.00000000,0.00000000,0.00000000
BM25,author_tokens,31,0.00000000,0.00000000,0.00000000,0.00000000,0.00000000,0.00000000,0.00000000,0.00000000,0.00000000
BM25,author_tokens,32,0.00000000,0.00000000,0.00000000,0.00000000,0.00000000,0.00000000,0.00000000,0.00000000,0.00000000
BM25,author_tokens,33,0.00000000,0.00000000,0.00000000,0.00000000,0.00000000,0.00000000,0.00000000,0.00000000,0.00000000
BM25,author_tokens,34,0.00000000,0.00000000,0.00000000,0.00000000,0.00000000,0.00000000,0.00000000,0.00000000,0.00000000
BM25,author_tokens,35,0.00000000,0.00000000,0.00000000,0.00000000,0.00000000,0.00000000,0.00000000,0.00000000,0.00000000
BM25,author_tokens,37,0.00000000,0.00000000,0.00000000,0.00000000,0.00000000,0.00000000,0.00000000,0.00000000,0.00000000
BM25,author_tokens,39,0.00000000,0.00000000,0.00000000,0.00000000,0.00000000,0.00000000,0.00000000,0.00000000,0.00000000
BM25,author_tokens,41,0.00000000,0.00000000,0.00000000,0.00000000,0.00000000,0.00000000,0.00000000,0.00000000,0.00000000
BM25,author_tokens,42,0.00000000,0.00000000,0.00000000,0.00000000,0.00000000,0.00000000,0.00000000,0.00000000,0.00000000
BM25,author_tokens,43,0.00000000,0.00000000,0.00000000,0.00000000,0.00000000,0.00000000,0.00000000,0.00000000,0.00000000
BM25,author_tokens,44,0.00000000,0.00000000,0.00000000,0.00000000,0.00000000,0.00000000,0.00000000,0.00000000,0.00000000
BM25,author_tokens,45,0.00000000,0.00000000,0.00000000,0.00000000,0.00000000,0.00000000,0.00000000,0.00000000,0.00000000
BM25,author_tokens,46,0.00000000,0.00000000,0.00000000,0.00000000,0.00000000,0.00000000,0.00000000,0.00000000,0.00000000
BM25,author_tokens,49,0.00000000,0.00000000,0.00000000,0.00000000,0.00000000,0.00000000,0.00000000,0.00000000,0.00000000
BM25,author_tokens,50,0.00000000,0.00000000,0.00000000,0.00000000,0.00000000,0.00000000,0.00000000,0.00000000,0.00000000
BM25,author_tokens,52,0.00000000,0.00000000,0.00000000,0.00000000,0.00000000,0.00000000,0.00000000,0.00000000,0.00000000
BM25,author_tokens,54,0.00000000,0.00000000,0.00000000,0.00000000,0.00000000,0.00000000,0.00000000,0.00000000,0.00000000
BM25,author_tokens,55,0.00000000,0.00000000,0.00000000,0.00000000,0.00000000,0.00000000,0.00000000,0.00000000,0.00000000
BM25,author_tokens,56,0.00000000,0.00000000,0.00000000,0.00000000,0.00000000,0.00000000,0.00000000,0.00000000,0.00000000
BM25,author_tokens,57,0.00000000,0.00000000,0.00000000,0.00000000,0.00000000,0.00000000,0.00000000,0.00000000,0.00000000
BM25,author_tokens,58,0.01119895,0.00000000,0.00000000,0.33333333,0.02173913,0.20000000,0.02173913,0.10000000,0.02173913
BM25,author_tokens,61,0.00000000,0.00000000,0.00000000,0.00000000,0.00000000,0.00000000,0.00000000,0.00000000,0.00000000
BM25,author_tokens,62,0.00000000,0.00000000,0.00000000,0.00000000,0.00000000,0.00000000,0.00000000,0.00000000,0.00000000
BM25,author_tokens,65,0.00000000,0.00000000,0.00000000,0.00000000,0.00000000,0.00000000,0.00000000,0.00000000,0.00000000
BM25,author_tokens,66,0.00092166,0.00000000,0.00000000,0.00000000,0.00000000,0.00000000,0.00000000,0.00000000,0.00000000
BM25,author_tokens,67,0.00000000,0.00000000,0.00000000,0.00000000,0.00000000,0.00000000,0.00000000,0.00000000,0.00000000
BM25,author_tokens,69,0.00000000,0.00000000,0.00000000,0.00000000,0.00000000,0.00000000,0.00000000,0.00000000,0.00000000
BM25,author_tokens,71,0.00766929,0.00000000,0.00000000,0.00000000,0.00000000,0.00000000,0.00000000,0.00000000,0.00000000
BM25,author_tokens,76,0.00833333,0.00000000,0.00000000,0.33333333,0.01666667,0.20000000,0.01666667,0.10000000,0.01666667
BM25,author_tokens,79,0.00000000,0.00000000,0.00000000,0.00000000,0.00000000,0.00000000,0.00000000,0.00000000,0.00000000
BM25,author_tokens,81,0.00000000,0.00000000,0.00000000,0.00000000,0.00000000,0.00000000,0.00000000,0.00000000,0.00000000
BM25,author_tokens,82,0.00000000,0.00000000,0.00000000,0.00000000,0.00000000,0.00000000,0.00000000,0.00000000,0.00000000
BM25,author_tokens,84,0.00572956,0.00000000,0.00000000,0.00000000,0.00000000,0.00000000,0.00000000,0.00000000,0.00000000
BM25,author_tokens,90,0.00606801,0.00000000,0.00000000,0.00000000,0.00000000,0.00000000,0.00000000,0.00000000,0.00000000
BM25,author_tokens,92,0.11096491,1.00000000,0.02631579,1.00000000,0.07894737,0.80000000,0.10526316,0.40000000,0.10526316
BM25,author_tokens,95,0.00000000,0.00000000,0.00000000,0.00000000,0.00000000,0.00000000,0.00000000,0.00000000,0.00000000
BM25,author_tokens,96,0.00000000,0.00000000,0.00000000,0.00000000,0.00000000,0.00000000,0.00000000,0.00000000,0.00000000
BM25,author_tokens,97,0.00000000,0.00000000,0.00000000,0.00000000,0.00000000,0.00000000,0.00000000,0.00000000,0.00000000
BM25,author_tokens,98,0.00000000,0.00000000,0.00000000,0.00000000,0.00000000,0.00000000,0.00000000,0.00000000,0.00000000
BM25,author_tokens,99,0.00000000,0.00000000,0.00000000,0.00000000,0.00000000,0.00000000,0.00000000,0.00000000,0.00000000
BM25,author_tokens,100,0.00000000,0.00000000,0.00000000,0.00000000,0.00000000,0.00000000,0.00000000,0.00000000,0.00000000
BM25,author_tokens,101,0.00000000,0.00000000,0.00000000,0.00000000,0.00000000,0.00000000,0.00000000,0.00000000,0.00000000
BM25,author_tokens,102,0.01937322,0.00000000,0.00000000,0.00000000,0.00000000,0.00000000,0.00000000,0.10000000,0.04166667
BM25,author_tokens,104,0.00000000,0.00000000,0.00000000,0.00000000,0.00000000,0.00000000,0.00000000,0.00000000,0.00000000
BM25,author_tokens,109,0.02368910,0.00000000,0.00000000,0.00000000,0.00000000,0.00000000,0.00000000,0.40000000,0.05633803
BM25,author_tokens,111,0.00000000,0.00000000,0.00000000,0.00000000,0.00000000,0.00000000,0.00000000,0.00000000,0.00000000
BM25,author_stemmed,1,0.00000000,0.00000000,0.00000000,0.00000000,0.00000000,0.00000000,0.00000000,0.00000000,0.00000000
BM25,author_stemmed,2,0.00000000,0.00000000,0.00000000,0.00000000,0.00000000,0.00000000,0.00000000,0.00000000,0.00000000
BM25,author_stemmed,3,0.00000000,0.00000000,0.00000000,0.00000000,0.00000000,0.00000000,0.00000000,0.00000000,0.00000000
BM25,author_stemmed,4,0.00000000,0.00000000,0.00000000,0.00000000,0.00000000,0.00000000,0.00000000,0.00000000,0.00000000
BM25,author_stemmed,5,0.00000000,0.00000000,0.00000000,0.00000000,0.00000000,0.00000000,0.00000000,0.00000000,0.00000000
BM25,author_stemmed,6,0.00000000,0.00000000,0.00000000,0.00000000,0.00000000,0.00000000,0.00000000,0.00000000,0.00000000
BM25,author_stemmed,7,0.00000000,0.00000000,0.00000000,0.00000000,0.00000000,0.00000000,0.00000000,0.00000000,0.00000000
BM25,author_stemmed,8,0.00000000,0.00000000,0.00000000,0.00000000,0.00000000,0.00000000,0.00000000,0.00000000,0.00000000
BM25,author_stemmed,9,0.00000000,0.00000000,0.00000000,0.00000000,0.00000000,0.00000000,0.00000000,0.00000000,0.00000000
BM25,author_stemmed,10,0.00000000,0.00000000,0.00000000,0.00000000,0.00000000,0.00000000,0.00000000,0.00000000,0.00000000
BM25,author_stemmed,11,0.00000000,0.00000000,0.00000000,0.00000000,0.00000000,0.00000000,0.00000000,0.00000000,0.00000000
BM25,author_stemmed,12,0.00000000,0.00000000,0.00000000,0.00000000,0.00000000,0.00000000,0.00000000,0.00000000,0.00000000
BM25,author_stemmed,13,0.00000000,0.00000000,0.00000000,0.00000000,0.00000000,0.00000000,0.00000000,0.00000000,0.00000000
BM25,author_stemmed,14,0.00000000,0.00000000,0.00000000,0.00000000,0.00000000,0.00000000,0.00000000,0.00000000,0.00000000
BM25,author_stemmed,15,0.00000000,0.00000000,0.00000000,0.00000000,0.00000000,0.00000000,0.00000000,0.00000000,0.00000000
BM25,author_stemmed,16,0.00000000,0.00000000,0.00000000,0.00000000,0.00000000,0.00000000,0.00000000,0.00000000,0.00000000
BM25,author_stemmed,17,0.00000000,0.00000000,0.00000000,0.00000000,0.00000000,0.00000000,0.00000000,0.00000000,0.00000000
BM25,author_stemmed,18,0.00000000,0.00000000,0.00000000,0.00000000,0.00000000,0.00000000,0.00000000,0.00000000,0.00000000
BM25,author_stemmed,19,0.00000000,0.00000000,0.00000000,0.00000000,0.00000000,0.00000000,0.00000000,0.00000000,0.00000000
BM25,author_stemmed,20,0.00000000,0.00000000,0.00000000,0.00000000,0.00000000,0.00000000,0.00000000,0.00000000,0.00000000
BM25,author_stemmed,21,0.00000000,0.00000000,0.00000000,0.00000000,0.00000000,0.00000000,0.00000000,0.00000000,0.00000000
BM25,author_stemmed,22,0.00000000,0.00000000,0.00000000,0.00000000,0.00000000,0.00000000,0.00000000,0.00000000,0.00000000
BM25,author_stemmed,23,0.00000000,0.00000000,0.00000000,0.00000000,0.00000000,0.00000000,0.00000000,0.00000000,0.00000000
BM25,author_stemmed,24,0.00000000,0.00000000,0.00000000,0.00000000,0.00000000,0.00000000,0.00000000,0.00000000,0.00000000
BM25,author_stemmed,25,0.00000000,0.00000000,0.00000000,0.00000000,0.00000000,0.00000000,0.00000000,0.00000000,0.00000000
BM25,author_stemmed,26,0.00000000,0.00000000,0.00000000,0.00000000,0.00000000,0.00000000,0.00000000,0.00000000,0.00000000
BM25,author_stemmed,27,0.00000000,0.00000000,0.00000000,0.00000000,0.00000000,0.00000000,0.00000000,0.00000000,0.00000000
BM25,author_stemmed,28,0.00000000,0.00000000,0.00000000,0.00000000,0.00000000,0.00000000,0.00000000,0.00000000,0.00000000
BM25,author_stemmed,29,0.00000000,0.00000000,0.00000000,0.00000000,0.00000000,0.00000000,0.00000000,0.00000000,0.00000000
BM25,author_stemmed,30,0.00000000,0.00000000,0.00000000,0.00000000,0.00000000,0.00000000,0.00000000,0.00000000,0.00000000
BM25,author_stemmed,31,0.00000000,0.00000000,0.00000000,0.00000000,0.00000000,0.00000000,0.00000000,0.00000000,0.00000000
BM25,author_stemmed,32,0.00000000,0.00000000,0.00000000,0.00000000,0.00000000,0.00000000,0.00000000,0.00000000,0.00000000
BM25,author_stemmed,33,0.00000000,0.00000000,0.00000000,0.00000000,0.00000000,0.00000000,0.00000000,0.00000000,0.00000000
BM25,author_stemmed,34,0.00000000,0.00000000,0.00000000,0.00000000,0.00000000,0.00000000,0.00000000,0.00000000,0.00000000
BM25,author_stemmed,35,0.00000000,0.00000000,0.00000000,0.00000000,0.00000000,0.00000000,0.00000000,0.00000000,0.00000000
BM25,author_stemmed,37,0.00000000,0.00000000,0.00000000,0.00000000,0.00000000,0.00000000,0.00000000,0.00000000,0.00000000
BM25,author_stemmed,39,0.00000000,0.00000000,0.00000000,0.00000000,0.00000000,0.00000000,0.00000000,0.00000000,0.00000000
BM25,author_stemmed,41,0.00000000,0.00000000,0.00000000,0.00000000,0.00000000,0.00000000,0.00000000,0.00000000,0.00000000
BM25,author_stemmed,42,0.00000000,0.00000000,0.00000000,0.00000000,0.00000000,0.00000000,0.00000000,0.00000000,0.00000000
BM25,author_stemmed,43,0.00000000,0.00000000,0.00000000,0.00000000,0.00000000,0.00000000,0.00000000,0.00000000,0.00000000
BM25,author_stemmed,44,0.00000000,0.00000000,0.00000000,0.00000000,0.00000000,0.00000000,0.00000000,0.00000000,0.00000000
BM25,author_stemmed,45,0.00000000,0.00000000,0.00000000,0.00000000,0.00000000,0.00000000,0.00000000,0.00000000,0.00000000
BM25,author_stemmed,46,0.00000000,0.00000000,0.00000000,0.00000000,0.00000000,0.00000000,0.00000000,0.00000000,0.00000000
BM25,author_stemmed,49,0.00000000,0.00000000,0.00000000,0.00000000,0.00000000,0.00000000,0.00000000,0.00000000,0.00000000
BM25,author_stemmed,50,0.00000000,0.00000000,0.00000000,0.00000000,0.00000000,0.00000000,0.00000000,0.00000000,0.00000000
BM25,author_stemmed,52,0.00000000,0.00000000,0.00000000,0.00000000,0.00000000,0.00000000,0.00000000,0.00000000,0.00000000
BM25,author_stemmed,54,0.00000000,0.00000000,0.00000000,0.00000000,0.00000000,0.00000000,0.00000000,0.00000000,0.00000000
BM25,author_stemmed,55,0.00000000,0.00000000,0.00000000,0.00000000,0.00000000,0.00000000,0.00000000,0.00000000,0.00000000
BM25,author_stemmed,56,0.00000000,0.00000000,0.00000000,0.00000000,0.00000000,0.00000000,0.00000000,0.00000000,0.00000000
BM25,author_stemmed,57,0.00000000,0.00000000,0.00000000,0.00000000,0.00000000,0.00000000,0.00000000,0.00000000,0.00000000
BM25,author_stemmed,58,0.01119895,0.00000000,0.00000000,0.33333333,0.02173913,0.20000000,0.02173913,0.10000000,0.02173913
BM25,author_stemmed,61,0.00000000,0.00000000,0.00000000,0.00000000,0.00000000,0.00000000,0.00000000,0.00000000,0.00000000
BM25,author_stemmed,62,0.00000000,0.00000000,0.00000000,0.00000000,0.00000000,0.00000000,0.00000000,0.00000000,0.00000000
BM25,author_stemmed,65,0.00000000,0.00000000,0.00000000,0.00000000,0.00000000,0.00000000,0.00000000,0.00000000,0.00000000
BM25,author_stemmed,66,0.00092166,0.00000000,0.00000000,0.00000000,0.00000000,0.00000000,0.00000000,0.00000000,0.00000000
BM25,author_stemmed,67,0.00000000,0.00000000,0.00000000,0.00000000,0.00000000,0.00000000,0.00000000,0.00000000,0.00000000
BM25,author_stemmed,69,0.00000000,0.00000000,0.00000000,0.00000000,0.00000000,0.00000000,0.00000000,0.00000000,0.00000000
BM25,author_stemmed,71,0.00766929,0.00000000,0.00000000,0.00000000,0.00000000,0.00000000,0.00000000,0.00000000,0.00000000
BM25,author_stemmed,76,0.00138889,0.00000000,0.00000000,0.00000000,0.00000000,0.00000000,0.00000000,0.00000000,0.00000000
BM25,author_stemmed,79,0.00000000,0.00000000,0.00000000,0.00000000,0.00000000,0.00000000,0.00000000,0.00000000,0.00000000
BM25,author_stemmed,81,0.00000000,0.00000000,0.00000000,0.00000000,0.00000000,0.00000000,0.00000000,0.00000000,0.00000000
BM25,author_stemmed,82,0.00000000,0.00000000,0.00000000,0.00000000,0.00000000,0.00000000,0.00000000,0.00000000,0.00000000
BM25,author_stemmed,84,0.00572956,0.00000000,0.00000000,0.00000000,0.00000000,0.00000000,0.00000000,0.00000000,0.00000000
BM25,author_stemmed,90,0.00548113,0.00000000,0.00000000,0.00000000,0.00000000,0.00000000,0.00000000,0.00000000,0.00000000
BM25,author_stemmed,92,0.10355619,1.00000000,0.02631579,1.00000000,0.07894737,0.80000000,0.10526316,0.40000000,0.10526316
BM25,author_stemmed,95,0.00000000,0.00000000,0.00000000,0.00000000,0.00000000,0.00000000,0.00000000,0.00000000,0.00000000
BM25,author_stemmed,96,0.00000000,0.00000000,0.00000000,0.00000000,0.00000000,0.00000000,0.00000000,0.00000000,0.00000000
BM25,author_stemmed,97,0.00000000,0.00000000,0.00000000,0.00000000,0.00000000,0.00000000,0.00000000,0.00000000,0.00000000
BM25,author_stemmed,98,0.00000000,0.00000000,0.00000000,0.00000000,0.00000000,0.00000000,0.00000000,0.00000000,0.00000000
BM25,author_stemmed,99,0.00000000,0.00000000,0.00000000,0.00000000,0.00000000,0.00000000,0.00000000,0.00000000,0.00000000
BM25,author_stemmed,100,0.00000000,0.00000000,0.00000000,0.00000000,0.00000000,0.00000000,0.00000000,0.00000000,0.00000000
BM25,author_stemmed,101,0.00000000,0.00000000,0.00000000,0.00000000,0.00000000,0.00000000,0.00000000,0.00000000,0.00000000
BM25,author_stemmed,102,0.01937322,0.00000000,0.00000000,0.00000000,0.00000000,0.00000000,0.00000000,0.10000000,0.04166667
BM25,author_stemmed,104,0.00000000,0.00000000,0.00000000,0.00000000,0.00000000,0.00000000,0.00000000,0.00000000,0.00000000
BM25,author_stemmed,109,0.02368910,0.00000000,0.00000000,0.00000000,0.00000000,0.00000000,0.00000000,0.40000000,0.05633803
BM25,author_stemmed,111,0.00000000,0.00000000,0.00000000,0.00000000,0.00000000,0.00000000,0.00000000,0.00000000,0.00000000
BM25,author_lemmatized,1,0.00000000,0.00000000,0.00000000,0.00000000,0.00000000,0.00000000,0.00000000,0.00000000,0.00000000
BM25,author_lemmatized,2,0.00000000,0.00000000,0.00000000,0.00000000,0.00000000,0.00000000,0.00000000,0.00000000,0.00000000
BM25,author_lemmatized,3,0.00000000,0.00000000,0.00000000,0.00000000,0.00000000,0.00000000,0.00000000,0.00000000,0.00000000
BM25,author_lemmatized,4,0.00000000,0.00000000,0.00000000,0.00000000,0.00000000,0.00000000,0.00000000,0.00000000,0.00000000
BM25,author_lemmatized,5,0.00000000,0.00000000,0.00000000,0.00000000,0.00000000,0.00000000,0.00000000,0.00000000,0.00000000
BM25,author_lemmatized,6,0.00000000,0.00000000,0.00000000,0.00000000,0.00000000,0.00000000,0.00000000,0.00000000,0.00000000
BM25,author_lemmatized,7,0.00000000,0.00000000,0.00000000,0.00000000,0.00000000,0.00000000,0.00000000,0.00000000,0.00000000
BM25,author_lemmatized,8,0.00000000,0.00000000,0.00000000,0.00000000,0.00000000,0.00000000,0.00000000,0.00000000,0.00000000
BM25,author_lemmatized,9,0.00000000,0.00000000,0.00000000,0.00000000,0.00000000,0.00000000,0.00000000,0.00000000,0.00000000
BM25,author_lemmatized,10,0.00000000,0.00000000,0.00000000,0.00000000,0.00000000,0.00000000,0.00000000,0.00000000,0.00000000
BM25,author_lemmatized,11,0.00000000,0.00000000,0.00000000,0.00000000,0.00000000,0.00000000,0.00000000,0.00000000,0.00000000
BM25,author_lemmatized,12,0.00000000,0.00000000,0.00000000,0.00000000,0.00000000,0.00000000,0.00000000,0.00000000,0.00000000
BM25,author_lemmatized,13,0.00000000,0.00000000,0.00000000,0.00000000,0.00000000,0.00000000,0.00000000,0.00000000,0.00000000
BM25,author_lemmatized,14,0.00000000,0.00000000,0.00000000,0.00000000,0.00000000,0.00000000,0.00000000,0.00000000,0.00000000
BM25,author_lemmatized,15,0.00000000,0.00000000,0.00000000,0.00000000,0.00000000,0.00000000,0.00000000,0.00000000,0.00000000
BM25,author_lemmatized,16,0.00000000,0.00000000,0.00000000,0.00000000,0.00000000,0.00000000,0.00000000,0.00000000,0.00000000
BM25,author_lemmatized,17,0.00000000,0.00000000,0.00000000,0.00000000,0.00000000,0.00000000,0.00000000,0.00000000,0.00000000
BM25,author_lemmatized,18,0.00000000,0.00000000,0.00000000,0.00000000,0.00000000,0.00000000,0.00000000,0.00000000,0.00000000
BM25,author_lemmatized,19,0.00000000,0.00000000,0.00000000,0.00000000,0.00000000,0.00000000,0.00000000,0.00000000,0.00000000
BM25,author_lemmatized,20,0.00000000,0.00000000,0.00000000,0.00000000,0.00000000,0.00000000,0.00000000,0.00000000,0.00000000
BM25,author_lemmatized,21,0.00000000,0.00000000,0.00000000,0.00000000,0.00000000,0.00000000,0.00000000,0.00000000,0.00000000
BM25,author_lemmatized,22,0.00000000,0.00000000,0.00000000,0.00000000,0.00000000,0.00000000,0.00000000,0.00000000,0.00000000
BM25,author_lemmatized,23,0.00000000,0.00000000,0.00000000,0.00000000,0.00000000,0.00000000,0.00000000,0.00000000,0.00000000
BM25,author_lemmatized,24,0.00000000,0.00000000,0.00000000,0.00000000,0.00000000,0.00000000,0.00000000,0.00000000,0.00000000
BM25,author_lemmatized,25,0.00000000,0.00000000,0.00000000,0.00000000,0.00000000,0.00000000,0.00000000,0.00000000,0.00000000
BM25,author_lemmatized,26,0.00000000,0.00000000,0.00000000,0.00000000,0.00000000,0.00000000,0.00000000,0.00000000,0.00000000
BM25,author_lemmatized,27,0.00000000,0.00000000,0.00000000,0.00000000,0.00000000,0.00000000,0.00000000,0.00000000,0.00000000
BM25,author_lemmatized,28,0.00000000,0.00000000,0.00000000,0.00000000,0.00000000,0.00000000,0.00000000,0.00000000,0.00000000
BM25,author_lemmatized,29,0.00000000,0.00000000,0.00000000,0.00000000,0.00000000,0.00000000,0.00000000,0.00000000,0.00000000
BM25,author_lemmatized,30,0.00000000,0.00000000,0.00000000,0.00000000,0.00000000,0.00000000,0.00000000,0.00000000,0.00000000
BM25,author_lemmatized,31,0.00000000,0.00000000,0.00000000,0.00000000,0.00000000,0.00000000,0.00000000,0.00000000,0.00000000
BM25,author_lemmatized,32,0.00000000,0.00000000,0.00000000,0.00000000,0.00000000,0.00000000,0.00000000,0.00000000,0.00000000
BM25,author_lemmatized,33,0.00000000,0.00000000,0.00000000,0.00000000,0.00000000,0.00000000,0.00000000,0.00000000,0.00000000
BM25,author_lemmatized,34,0.00000000,0.00000000,0.00000000,0.00000000,0.00000000,0.00000000,0.00000000,0.00000000,0.00000000
BM25,author_lemmatized,35,0.00000000,0.00000000,0.00000000,0.00000000,0.00000000,0.00000000,0.00000000,0.00000000,0.00000000
BM25,author_lemmatized,37,0.00000000,0.00000000,0.00000000,0.00000000,0.00000000,0.00000000,0.00000000,0.00000000,0.00000000
BM25,author_lemmatized,39,0.00000000,0.00000000,0.00000000,0.00000000,0.00000000,0.00000000,0.00000000,0.00000000,0.00000000
BM25,author_lemmatized,41,0.00000000,0.00000000,0.00000000,0.00000000,0.00000000,0.00000000,0.00000000,0.00000000,0.00000000
BM25,author_lemmatized,42,0.00000000,0.00000000,0.00000000,0.00000000,0.00000000,0.00000000,0.00000000,0.00000000,0.00000000
BM25,author_lemmatized,43,0.00000000,0.00000000,0.00000000,0.00000000,0.00000000,0.00000000,0.00000000,0.00000000,0.00000000
BM25,author_lemmatized,44,0.00000000,0.00000000,0.00000000,0.00000000,0.00000000,0.00000000,0.00000000,0.00000000,0.00000000
BM25,author_lemmatized,45,0.00000000,0.00000000,0.00000000,0.00000000,0.00000000,0.00000000,0.00000000,0.00000000,0.00000000
BM25,author_lemmatized,46,0.00000000,0.00000000,0.00000000,0.00000000,0.00000000,0.00000000,0.00000000,0.00000000,0.00000000
BM25,author_lemmatized,49,0.00000000,0.00000000,0.00000000,0.00000000,0.00000000,0.00000000,0.00000000,0.00000000,0.00000000
BM25,author_lemmatized,50,0.00000000,0.00000000,0.00000000,0.00000000,0.00000000,0.00000000,0.00000000,0.00000000,0.00000000
BM25,author_lemmatized,52,0.00000000,0.00000000,0.00000000,0.00000000,0.00000000,0.00000000,0.00000000,0.00000000,0.00000000
BM25,author_lemmatized,54,0.00000000,0.00000000,0.00000000,0.00000000,0.00000000,0.00000000,0.00000000,0.00000000,0.00000000
BM25,author_lemmatized,55,0.00000000,0.00000000,0.00000000,0.00000000,0.00000000,0.00000000,0.00000000,0.00000000,0.00000000
BM25,author_lemmatized,56,0.00000000,0.00000000,0.00000000,0.00000000,0.00000000,0.00000000,0.00000000,0.00000000,0.00000000
BM25,author_lemmatized,57,0.00000000,0.00000000,0.00000000,0.00000000,0.00000000,0.00000000,0.00000000,0.00000000,0.00000000
BM25,author_lemmatized,58,0.01119895,0.00000000,0.00000000,0.33333333,0.02173913,0.20000000,0.02173913,0.10000000,0.02173913
BM25,author_lemmatized,61,0.00000000,0.00000000,0.00000000,0.00000000,0.00000000,0.00000000,0.00000000,0.00000000,0.00000000
BM25,author_lemmatized,62,0.00000000,0.00000000,0.00000000,0.00000000,0.00000000,0.00000000,0.00000000,0.00000000,0.00000000
BM25,author_lemmatized,65,0.00000000,0.00000000,0.00000000,0.00000000,0.00000000,0.00000000,0.00000000,0.00000000,0.00000000
BM25,author_lemmatized,66,0.00092166,0.00000000,0.00000000,0.00000000,0.00000000,0.00000000,0.00000000,0.00000000,0.00000000
BM25,author_lemmatized,67,0.00000000,0.00000000,0.00000000,0.00000000,0.00000000,0.00000000,0.00000000,0.00000000,0.00000000
BM25,author_lemmatized,69,0.00000000,0.00000000,0.00000000,0.00000000,0.00000000,0.00000000,0.00000000,0.00000000,0.00000000
BM25,author_lemmatized,71,0.00766929,0.00000000,0.00000000,0.00000000,0.00000000,0.00000000,0.00000000,0.00000000,0.00000000
BM25,author_lemmatized,76,0.00833333,0.00000000,0.00000000,0.33333333,0.01666667,0.20000000,0.01666667,0.10000000,0.01666667
BM25,author_lemmatized,79,0.00000000,0.00000000,0.00000000,0.00000000,0.00000000,0.00000000,0.00000000,0.00000000,0.00000000
BM25,author_lemmatized,81,0.00000000,0.00000000,0.00000000,0.00000000,0.00000000,0.00000000,0.00000000,0.00000000,0.00000000
BM25,author_lemmatized,82,0.00000000,0.00000000,0.00000000,0.00000000,0.00000000,0.00000000,0.00000000,0.00000000,0.00000000
BM25,author_lemmatized,84,0.00572956,0.00000000,0.00000000,0.00000000,0.00000000,0.00000000,0.00000000,0.00000000,0.00000000
BM25,author_lemmatized,90,0.00548113,0.00000000,0.00000000,0.00000000,0.00000000,0.00000000,0.00000000,0.00000000,0.00000000
BM25,author_lemmatized,92,0.11096491,1.00000000,0.02631579,1.00000000,0.07894737,0.80000000,0.10526316,0.40000000,0.10526316
BM25,author_lemmatized,95,0.00000000,0.00000000,0.00000000,0.00000000,0.00000000,0.00000000,0.00000000,0.00000000,0.00000000
BM25,author_lemmatized,96,0.00000000,0.00000000,0.00000000,0.00000000,0.00000000,0.00000000,0.00000000,0.00000000,0.00000000
BM25,author_lemmatized,97,0.00000000,0.00000000,0.00000000,0.00000000,0.00000000,0.00000000,0.00000000,0.00000000,0.00000000
BM25,author_lemmatized,98,0.00000000,0.00000000,0.00000000,0.00000000,0.00000000,0.00000000,0.00000000,0.00000000,0.00000000
BM25,author_lemmatized,99,0.00000000,0.00000000,0.00000000,0.00000000,0.00000000,0.00000000,0.00000000,0.00000000,0.00000000
BM25,author_lemmatized,100,0.00000000,0.00000000,0.00000000,0.00000000,0.00000000,0.00000000,0.00000000,0.00000000,0.00000000
BM25,author_lemmatized,101,0.00000000,0.00000000,0.00000000,0.00000000,0.00000000,0.00000000,0.00000000,0.00000000,0.00000000
BM25,author_lemmatized,102,0.01937322,0.00000000,0.00000000,0.00000000,0.00000000,0.00000000,0.00000000,0.10000000,0.04166667
BM25,author_lemmatized,104,0.00000000,0.00000000,0.00000000,0.00000000,0.00000000,0.00000000,0.00000000,0.00000000,0.00000000
BM25,author_lemmatized,109,0.02368910,0.00000000,0.00000000,0.00000000,0.00000000,0.00000000,0.00000000,0.40000000,0.05633803
BM25,author_lemmatized,111,0.00000000,0.00000000,0.00000000,0.00000000,0.00000000,0.00000000,0.00000000,0.00000000,0.00000000
BM25,text_tokens,1,0.35907285,1.00000000,0.02173913,0.33333333,0.02173913,0.40000000,0.04347826,0.70000000,0.15217391
BM25,text_tokens,2,0.02935298,0.00000000,0.00000000,0.00000000,0.00000000,0.00000000,0.00000000,0.00000000,0.00000000
BM25,text_tokens,3,0.20994678,1.00000000,0.02272727,0.66666667,0.04545455,0.60000000,0.06818182,0.40000000,0.09090909
BM25,text_tokens,4,0.16314314,0.00000000,0.00000000,0.33333333,0.12500000,0.40000000,0.25000000,0.20000000,0.25000000
BM25,text_tokens,5,0.07494516,0.00000000,0.00000000,0.33333333,0.04166667,0.20000000,0.04166667,0.20000000,0.08333333
BM25,text_tokens,6,0.11111111,0.00000000,0.00000000,0.00000000,0.00000000,0.00000000,0.00000000,0.10000000,1.00000000
BM25,text_tokens,7,0.06752443,0.00000000,0.00000000,0.33333333,0.12500000,0.20000000,0.12500000,0.10000000,0.12500000
BM25,text_tokens,8,0.02082807,0.00000000,0.00000000,0.00000000,0.00000000,0.00000000,0.00000000,0.00000000,0.00000000
BM25,text_tokens,9,0.16252989,1.00000000,0.02941176,0.66666667,0.05882353,0.40000000,0.05882353,0.40000000,0.11764706
BM25,text_tokens,10,0.20681657,1.00000000,0.03846154,0.66666667,0.07692308,0.60000000,0.11538462,0.50000000,0.19230769
BM25,text_tokens,11,0.19893339,1.00000000,0.00787402,1.00000000,0.02362205,0.60000000,0.02362205,0.40000000,0.03149606
BM25,text_tokens,12,0.08153012,0.00000000,0.00000000,0.33333333,0.07692308,0.20000000,0.07692308,0.10000000,0.07692308
BM25,text_tokens,13,0.25438109,0.00000000,0.00000000,0.33333333,0.01098901,0.60000000,0.03296703,0.50000000,0.05494505
BM25,text_tokens,14,0.00773456,0.00000000,0.00000000,0.00000000,0.00000000,0.00000000,0.00000000,0.00000000,0.00000000
BM25,text_tokens,15,0.11317233,0.00000000,0.00000000,0.00000000,0.00000000,0.00000000,0.00000000,0.10000000,0.01219512
BM25,text_tokens,16,0.06271612,0.00000000,0.00000000,0.33333333,0.03846154,0.20000000,0.03846154,0.10000000,0.03846154
BM25,text_tokens,17,0.05098676,1.00000000,0.03846154,0.33333333,0.03846154,0.20000000,0.03846154,0.10000000,0.03846154
BM25,text_tokens,18,0.11183269,0.00000000,0.00000000,0.33333333,0.09090909,0.20000000,0.09090909,0.10000000,0.09090909
BM25,text_tokens,19,0.17296072,1.00000000,0.01234568,0.66666667,0.02469136,0.60000000,0.03703704,0.60000000,0.07407407
BM25,text_tokens,20,0.11005970,0.00000000,0.00000000,0.66666667,0.01388889,0.60000000,0.02083333,0.40000000,0.02777778
BM25,text_tokens,21,0.07586494,0.00000000,0.00000000,0.33333333,0.04000000,0.40000000,0.08000000,0.20000000,0.08000000
BM25,text_tokens,22,0.11053463,0.00000000,0.00000000,0.33333333,0.01886792,0.20000000,0.01886792,0.20000000,0.03773585
BM25,text_tokens,23,0.20562724,0.00000000,0.00000000,0.33333333,0.02083333,0.40000000,0.04166667,0.50000000,0.10416667
BM25,text_tokens,24,0.28349502,1.00000000,0.01923077,1.00000000,0.05769231,0.80000000,0.07692308,0.50000000,0.09615385
BM25,text_tokens,25,0.19380899,0.00000000,0.00000000,0.33333333,0.03030303,0.40000000,0.06060606,0.20000000,0.06060606
BM25,text_tokens,26,0.27857319,1.00000000,0.01785714,1.00000000,0.05357143,0.60000000,0.05357143,0.60000000,0.10714286
BM25,text_tokens,27,0.22162240,0.00000000,0.00000000,0.33333333,0.00869565,0.40000000,0.01739130,0.40000000,0.03478261
BM25,text_tokens,28,0.16574684,1.00000000,0.01666667,0.66666667,0.03333333,0.60000000,0.05000000,0.60000000,0.10000000
BM25,text_tokens,29,0.07929864,0.00000000,0.00000000,0.00000000,0.00000000,0.40000000,0.04166667,0.20000000,0.04166667
BM25,text_tokens,30,0.31050604,1.00000000,0.00746269,1.00000000,0.02238806,0.80000000,0.02985075,0.60000000,0.04477612
BM25,text_tokens,31,0.07866765,1.00000000,0.01639344,0.66666667,0.03278689,0.40000000,0.03278689,0.20000000,0.03278689
BM25,text_tokens,32,0.10129154,0.00000000,0.00000000,0.00000000,0.00000000,0.00000000,0.00000000,0.00000000,0.00000000
BM25,text_tokens,33,0.05423700,0.00000000,0.00000000,0.00000000,0.00000000,0.00000000,0.00000000,0.00000000,0.00000000
BM25,text_tokens,34,0.10668000,0.00000000,0.00000000,0.33333333,0.02631579,0.40000000,0.05263158,0.30000000,0.07894737
BM25,text_tokens,35,0.18819227,0.00000000,0.00000000,0.66666667,0.04651163,0.80000000,0.09302326,0.40000000,0.09302326
BM25,text_tokens,37,0.05015241,0.00000000,0.00000000,0.00000000,0.00000000,0.00000000,0.00000000,0.10000000,0.02500000
BM25,text_tokens,39,0.10387124,1.00000000,0.05555556,0.33333333,0.05555556,0.20000000,0.05555556,0.20000000,0.11111111
BM25,text_tokens,41,0.11409692,0.00000000,0.00000000,0.00000000,0.00000000,0.20000000,0.09090909,0.20000000,0.18181818
BM25,text_tokens,42,0.13452961,0.00000000,0.00000000,0.00000000,0.00000000,0.20000000,0.02000000,0.40000000,0.08000000
BM25,text_tokens,43,0.03785700,0.00000000,0.00000000,0.00000000,0.00000000,0.00000000,0.00000000,0.00000000,0.00000000
BM25,text_tokens,44,0.25052974,1.00000000,0.00645161,0.66666667,0.01290323,0.60000000,0.01935484,0.60000000,0.03870968
BM25,text_tokens,45,0.16804873,0.00000000,0.00000000,0.33333333,0.01298701,0.60000000,0.03896104,0.50000000,0.06493506
BM25,text_tokens,46,0.26193536,1.00000000,0.00862069,0.66666667,0.01724138,0.80000000,0.03448276,0.60000000,0.05172414
BM25,text_tokens,49,0.16161596,0.00000000,0.00000000,0.66666667,0.05882353,0.60000000,0.08823529,0.40000000,0.11764706
BM25,text_tokens,50,0.35193654,1.00000000,0.01123596,0.66666667,0.02247191,0.80000000,0.04494382,0.70000000,0.07865169
BM25,text_tokens,52,0.56570894,1.00000000,0.06666667,1.00000000,0.20000000,1.00000000,0.33333333,0.50000000,0.33333333
BM25,text_tokens,54,0.13313329,0.00000000,0.00000000,0.00000000,0.00000000,0.20000000,0.01960784,0.30000000,0.05882353
BM25,text_tokens,55,0.70134688,1.00000000,0.05555556,1.00000000,0.16666667,1.00000000,0.27777778,0.90000000,0.50000000
BM25,text_tokens,56,0.06477052,0.00000000,0.00000000,0.00000000,0.00000000,0.00000000,0.00000000,0.00000000,0.00000000
BM25,text_tokens,57,0.17178899,1.00000000,0.05555556,0.66666667,0.11111111,0.60000000,0.16666667,0.30000000,0.16666667
BM25,text_tokens,58,0.29650768,1.00000000,0.02173913,1.00000000,0.06521739,0.80000000,0.08695652,0.60000000,0.13043478
BM25,text_tokens,61,0.12381007,1.00000000,0.09090909,0.33333333,0.09090909,0.20000000,0.09090909,0.10000000,0.09090909
BM25,text_tokens,62,0.51199363,1.00000000,0.08333333,1.00000000,0.25000000,0.80000000,0.33333333,0.50000000,0.41666667
BM25,text_tokens,65,0.25145984,1.00000000,0.07692308,0.66666667,0.15384615,0.40000000,0.15384615,0.20000000,0.15384615
BM25,text_tokens,66,0.32228742,1.00000000,0.02857143,1.00000000,0.08571429,0.60000000,0.08571429,0.70000000,0.20000000
BM25,text_tokens,67,0.14409070,0.00000000,0.00000000,0.33333333,0.03125000,0.20000000,0.03125000,0.30000000,0.09375000
BM25,text_tokens,69,0.28617429,1.00000000,0.06666667,0.66666667,0.13333333,0.40000000,0.13333333,0.40000000,0.26666667
BM25,text_tokens,71,0.34408689,1.00000000,0.03703704,0.66666667,0.07407407,0.60000000,0.11111111,0.50000000,0.18518519
BM25,text_tokens,76,0.21960434,1.00000000,0.01666667,0.33333333,0.01666667,0.40000000,0.03333333,0.40000000,0.06666667
BM25,text_tokens,79,0.31272425,1.00000000,0.09090909,0.66666667,0.18181818,0.60000000,0.27272727,0.30000000,0.27272727
BM25,text_tokens,81,0.12374575,1.00000000,0.09090909,0.33333333,0.09090909,0.20000000,0.09090909,0.10000000,0.09090909
BM25,text_tokens,82,0.04892505,0.00000000,0.00000000,0.00000000,0.00000000,0.20000000,0.10000000,0.10000000,0.10000000
BM25,text_tokens,84,0.06361283,0.00000000,0.00000000,0.00000000,0.00000000,0.00000000,0.00000000,0.00000000,0.00000000
BM25,text_tokens,90,0.11615880,0.00000000,0.00000000,0.00000000,0.00000000,0.20000000,0.01428571,0.10000000,0.01428571
BM25,text_tokens,92,0.12947791,1.00000000,0.02631579,1.00000000,0.07894737,0.80000000,0.10526316,0.40000000,0.10526316
BM25,text_tokens,95,0.13848209,1.00000000,0.09090909,0.33333333,0.09090909,0.20000000,0.09090909,0.20000000,0.18181818
BM25,text_tokens,96,0.03746865,0.00000000,0.00000000,0.00000000,0.00000000,0.00000000,0.00000000,0.10000000,0.11111111
BM25,text_tokens,97,0.26625734,1.00000000,0.16666667,0.33333333,0.16666667,0.40000000,0.33333333,0.20000000,0.33333333
BM25,text_tokens,98,0.29103604,0.00000000,0.00000000,0.33333333,0.03448276,0.40000000,0.06896552,0.50000000,0.17241379
BM25,text_tokens,99,0.21644550,1.00000000,0.02941176,0.66666667,0.05882353,0.80000000,0.11764706,0.40000000,0.11764706
BM25,text_tokens,100,0.04058549,0.00000000,0.00000000,0.33333333,0.05555556,0.20000000,0.05555556,0.10000000,0.05555556
BM25,text_tokens,101,0.33333333,0.00000000,0.00000000,0.33333333,1.00000000,0.20000000,1.00000000,0.10000000,1.00000000
BM25,text_tokens,102,0.45881499,1.00000000,0.04166667,1.00000000,0.12500000,0.80000000,0.16666667,0.80000000,0.33333333
BM25,text_tokens,104,0.04301495,0.00000000,0.00000000,0.00000000,0.00000000,0.00000000,0.00000000,0.10000000,0.09090909
BM25,text_tokens,109,0.16683789,1.00000000,0.01408451,0.33333333,0.01408451,0.20000000,0.01408451,0.30000000,0.04225352
BM25,text_tokens,111,0.38038240,1.00000000,0.16666667,0.33333333,0.16666667,0.40000000,0.33333333,0.30000000,0.50000000
BM25,text_stemmed,1,0.40678310,1.00000000,0.02173913,0.66666667,0.04347826,0.60000000,0.06521739,0.70000000,0.15217391
BM25,text_stemmed,2,0.04831854,0.00000000,0.00000000,0.00000000,0.00000000,0.20000000,0.03846154,0.10000000,0.03846154
BM25,text_stemmed,3,0.32062508,1.00000000,0.02272727,1.00000000,0.06818182,0.80000000,0.09090909,0.60000000,0.13636364
BM25,text_stemmed,4,0.11366417,0.00000000,0.00000000,0.33333333,0.12500000,0.20000000,0.12500000,0.10000000,0.12500000
BM25,text_stemmed,5,0.06220983,0.00000000,0.00000000,0.00000000,0.00000000,0.20000000,0.04166667,0.10000000,0.04166667
BM25,text_stemmed,6,0.16666667,0.00000000,0.00000000,0.00000000,0.00000000,0.00000000,0.00000000,0.10000000,1.00000000
BM25,text_stemmed,7,0.03248046,0.00000000,0.00000000,0.00000000,0.00000000,0.00000000,0.00000000,0.10000000,0.12500000
BM25,text_stemmed,8,0.02690032,0.00000000,0.00000000,0.00000000,0.00000000,0.00000000,0.00000000,0.00000000,0.00000000
BM25,text_stemmed,9,0.18133438,1.00000000,0.02941176,0.66666667,0.05882353,0.40000000,0.05882353,0.40000000,0.11764706
BM25,text_stemmed,10,0.30050608,1.00000000,0.03846154,1.00000000,0.11538462,0.60000000,0.11538462,0.60000000,0.23076923
BM25,text_stemmed,11,0.22382259,0.00000000,0.00000000,0.66666667,0.01574803,0.60000000,0.02362205,0.40000000,0.03149606
BM25,text_stemmed,12,0.07220112,0.00000000,0.00000000,0.00000000,0.00000000,0.00000000,0.00000000,0.00000000,0.00000000
BM25,text_stemmed,13,0.25707417,1.00000000,0.01098901,0.66666667,0.02197802,0.40000000,0.02197802,0.40000000,0.04395604
BM25,text_stemmed,14,0.00664040,0.00000000,0.00000000,0.00000000,0.00000000,0.00000000,0.00000000,0.00000000,0.00000000
BM25,text_stemmed,15,0.17327438,0.00000000,0.00000000,0.33333333,0.01219512,0.20000000,0.01219512,0.20000000,0.02439024
BM25,text_stemmed,16,0.08516813,0.00000000,0.00000000,0.33333333,0.03846154,0.20000000,0.03846154,0.20000000,0.07692308
BM25,text_stemmed,17,0.05199534,1.00000000,0.03846154,0.33333333,0.03846154,0.20000000,0.03846154,0.10000000,0.03846154
BM25,text_stemmed,18,0.12255433,0.00000000,0.00000000,0.00000000,0.00000000,0.20000000,0.09090909,0.20000000,0.18181818
BM25,text_stemmed,19,0.30372814,1.00000000,0.01234568,1.00000000,0.03703704,0.80000000,0.04938272,0.60000000,0.07407407
BM25,text_stemmed,20,0.17489742,1.00000000,0.00694444,0.33333333,0.00694444,0.20000000,0.00694444,0.10000000,0.00694444
BM25,text_stemmed,21,0.08568324,0.00000000,0.00000000,0.33333333,0.04000000,0.40000000,0.08000000,0.30000000,0.12000000
BM25,text_stemmed,22,0.09183704,0.00000000,0.00000000,0.00000000,0.00000000,0.00000000,0.00000000,0.20000000,0.03773585
BM25,text_stemmed,23,0.13151033,0.00000000,0.00000000,0.33333333,0.02083333,0.40000000,0.04166667,0.40000000,0.08333333
BM25,text_stemmed,24,0.34776932,1.00000000,0.01923077,1.00000000,0.05769231,1.00000000,0.09615385,0.80000000,0.15384615
BM25,text_stemmed,25,0.20028164,0.00000000,0.00000000,0.33333333,0.03030303,0.20000000,0.03030303,0.40000000,0.12121212
BM25,text_stemmed,26,0.39573710,1.00000000,0.01785714,1.00000000,0.05357143,0.60000000,0.05357143,0.60000000,0.10714286
BM25,text_stemmed,27,0.25815233,0.00000000,0.00000000,0.00000000,0.00000000,0.20000000,0.00869565,0.20000000,0.01739130
BM25,text_stemmed,28,0.20709983,0.00000000,0.00000000,0.33333333,0.01666667,0.60000000,0.05000000,0.70000000,0.11666667
BM25,text_stemmed,29,0.15831642,0.00000000,0.00000000,0.33333333,0.02083333,0.40000000,0.04166667,0.40000000,0.08333333
BM25,text_stemmed,30,0.28427593,1.00000000,0.00746269,0.66666667,0.01492537,0.60000000,0.02238806,0.60000000,0.04477612
BM25,text_stemmed,31,0.17941708,1.00000000,0.01639344,0.33333333,0.01639344,0.60000000,0.04918033,0.50000000,0.08196721
BM25,text_stemmed,32,0.21099244,1.00000000,0.00854701,0.66666667,0.01709402,0.40000000,0.01709402,0.40000000,0.03418803
BM25,text_stemmed,33,0.05637176,0.00000000,0.00000000,0.00000000,0.00000000,0.00000000,0.00000000,0.10000000,0.05000000
BM25,text_stemmed,34,0.21127135,1.00000000,0.02631579,1.00000000,0.07894737,0.60000000,0.07894737,0.30000000,0.07894737
BM25,text_stemmed,35,0.21808193,1.00000000,0.02325581,1.00000000,0.06976744,0.80000000,0.09302326,0.60000000,0.13953488
BM25,text_stemmed,37,0.13125521,0.00000000,0.00000000,0.33333333,0.02500000,0.40000000,0.05000000,0.40000000,0.10000000
BM25,text_stemmed,39,0.09829569,1.00000000,0.05555556,0.33333333,0.05555556,0.20000000,0.05555556,0.10000000,0.05555556
BM25,text_stemmed,41,0.23799354,1.00000000,0.09090909,0.33333333,0.09090909,0.20000000,0.09090909,0.30000000,0.27272727
BM25,text_stemmed,42,0.14166496,1.00000000,0.02000000,0.66666667,0.04000000,0.40000000,0.04000000,0.30000000,0.06000000
BM25,text_stemmed,43,0.03398523,0.00000000,0.00000000,0.00000000,0.00000000,0.00000000,0.00000000,0.10000000,0.07692308
BM25,text_stemmed,44,0.26823655,1.00000000,0.00645161,0.66666667,0.01290323,0.60000000,0.01935484,0.70000000,0.04516129
BM25,text_stemmed,45,0.17391097,1.00000000,0.01298701,0.33333333,0.01298701,0.60000000,0.03896104,0.40000000,0.05194805
BM25,text_stemmed,46,0.30868888,1.00000000,0.00862069,0.33333333,0.00862069,0.60000000,0.02586207,0.60000000,0.05172414
BM25,text_stemmed,49,0.14831200,1.00000000,0.02941176,0.66666667,0.05882353,0.40000000,0.05882353,0.40000000,0.11764706
BM25,text_stemmed,50,0.35883216,0.00000000,0.00000000,0.66666667,0.02247191,0.80000000,0.04494382,0.70000000,0.07865169
BM25,text_stemmed,52,0.58564675,1.00000000,0.06666667,1.00000000,0.20000000,1.00000000,0.33333333,0.70000000,0.46666667
BM25,text_stemmed,54,0.18084172,0.00000000,0.00000000,0.33333333,0.01960784,0.40000000,0.03921569,0.40000000,0.07843137
BM25,text_stemmed,55,0.72054045,1.00000000,0.05555556,1.00000000,0.16666667,1.00000000,0.27777778,0.90000000,0.50000000
BM25,text_stemmed,56,0.10209005,0.00000000,0.00000000,0.00000000,0.00000000,0.00000000,0.00000000,0.10000000,0.02222222
BM25,text_stemmed,57,0.13510048,0.00000000,0.00000000,0.33333333,0.05555556,0.40000000,0.11111111,0.20000000,0.11111111
BM25,text_stemmed,58,0.41231851,0.00000000,0.00000000,0.66666667,0.04347826,0.80000000,0.08695652,0.70000000,0.15217391
BM25,text_stemmed,61,0.04742830,0.00000000,0.00000000,0.00000000,0.00000000,0.00000000,0.00000000,0.00000000,0.00000000
BM25,text_stemmed,62,0.46773841,1.00000000,0.08333333,1.00000000,0.25000000,0.80000000,0.33333333,0.50000000,0.41666667
BM25,text_stemmed,65,0.38805650,1.00000000,0.07692308,1.00000000,0.23076923,0.60000000,0.23076923,0.40000000,0.30769231
BM25,text_stemmed,66,0.51848486,1.00000000,0.02857143,1.00000000,0.08571429,1.00000000,0.14285714,0.70000000,0.20000000
BM25,text_stemmed,67,0.17181692,0.00000000,0.00000000,0.33333333,0.03125000,0.20000000,0.03125000,0.30000000,0.09375000
BM25,text_stemmed,69,0.22819413,0.00000000,0.00000000,0.66666667,0.13333333,0.60000000,0.20000000,0.40000000,0.26666667
BM25,text_stemmed,71,0.33401214,1.00000000,0.03703704,1.00000000,0.11111111,0.60000000,0.11111111,0.40000000,0.14814815
BM25,text_stemmed,76,0.37652782,1.00000000,0.01666667,1.00000000,0.05000000,1.00000000,0.08333333,0.80000000,0.13333333
BM25,text_stemmed,79,0.23086521,0.00000000,0.00000000,0.33333333,0.09090909,0.60000000,0.27272727,0.40000000,0.36363636
BM25,text_stemmed,81,0.17241021,1.00000000,0.09090909,0.33333333,0.09090909,0.40000000,0.18181818,0.20000000,0.18181818
BM25,text_stemmed,82,0.11516669,0.00000000,0.00000000,0.00000000,0.00000000,0.00000000,0.00000000,0.20000000,0.20000000
BM25,text_stemmed,84,0.05517012,0.00000000,0.00000000,0.00000000,0.00000000,0.00000000,0.00000000,0.00000000,0.00000000
BM25,text_stemmed,90,0.09473357,1.00000000,0.01428571,0.33333333,0.01428571,0.20000000,0.01428571,0.10000000,0.01428571
BM25,text_stemmed,92,0.17207888,1.00000000,0.02631579,1.00000000,0.07894737,1.00000000,0.13157895,0.50000000,0.13157895
BM25,text_stemmed,95,0.08336025,0.00000000,0.00000000,0.33333333,0.09090909,0.20000000,0.09090909,0.20000000,0.18181818
BM25,text_stemmed,96,0.02233191,0.00000000,0.00000000,0.00000000,0.00000000,0.00000000,0.00000000,0.00000000,0.00000000
BM25,text_stemmed,97,0.32361667,1.00000000,0.16666667,0.33333333,0.16666667,0.20000000,0.16666667,0.30000000,0.50000000
BM25,text_stemmed,98,0.40892482,1.00000000,0.03448276,0.66666667,0.06896552,0.80000000,0.13793103,0.60000000,0.20689655
BM25,text_stemmed,99,0.34464918,1.00000000,0.02941176,1.00000000,0.08823529,0.80000000,0.11764706,0.60000000,0.17647059
BM25,text_stemmed,100,0.04135167,0.00000000,0.00000000,0.33333333,0.05555556,0.20000000,0.05555556,0.10000000,0.05555556
BM25,text_stemmed,101,0.07692308,0.00000000,0.00000000,0.00000000,0.00000000,0.00000000,0.00000000,0.00000000,0.00000000
BM25,text_stemmed,102,0.51511098,1.00000000,0.04166667,1.00000000,0.12500000,1.00000000,0.20833333,0.90000000,0.37500000
BM25,text_stemmed,104,0.04955681,0.00000000,0.00000000,0.00000000,0.00000000,0.20000000,0.09090909,0.10000000,0.09090909
BM25,text_stemmed,109,0.15083757,1.00000000,0.01408451,0.66666667,0.02816901,0.60000000,0.04225352,0.30000000,0.04225352
BM25,text_stemmed,111,0.47678698,1.00000000,0.16666667,0.66666667,0.33333333,0.40000000,0.33333333,0.40000000,0.66666667
BM25,text_lemmatized,1,0.34339610,0.00000000,0.00000000,0.66666667,0.04347826,0.60000000,0.06521739,0.50000000,0.10869565
BM25,text_lemmatized,2,0.03153357,0.00000000,0.00000000,0.00000000,0.00000000,0.00000000,0.00000000,0.00000000,0.00000000
BM25,text_lemmatized,3,0.31578401,1.00000000,0.02272727,1.00000000,0.06818182,0.80000000,0.09090909,0.80000000,0.18181818
BM25,text_lemmatized,4,0.10998003,0.00000000,0.00000000,0.00000000,0.00000000,0.00000000,0.00000000,0.20000000,0.25000000
BM25,text_lemmatized,5,0.07072908,0.00000000,0.00000000,0.33333333,0.04166667,0.20000000,0.04166667,0.20000000,0.08333333
BM25,text_lemmatized,6,0.16666667,0.00000000,0.00000000,0.00000000,0.00000000,0.00000000,0.00000000,0.10000000,1.00000000
BM25,text_lemmatized,7,0.05840437,0.00000000,0.00000000,0.00000000,0.00000000,0.20000000,0.12500000,0.10000000,0.12500000
BM25,text_lemmatized,8,0.02306666,0.00000000,0.00000000,0.00000000,0.00000000,0.00000000,0.00000000,0.00000000,0.00000000
BM25,text_lemmatized,9,0.20559337,1.00000000,0.02941176,0.66666667,0.05882353,0.40000000,0.05882353,0.50000000,0.14705882
BM25,text_lemmatized,10,0.20895176,1.00000000,0.03846154,0.66666667,0.07692308,0.60000000,0.11538462,0.60000000,0.23076923
BM25,text_lemmatized,11,0.23805128,1.00000000,0.00787402,1.00000000,0.02362205,0.80000000,0.03149606,0.60000000,0.04724409
BM25,text_lemmatized,12,0.07206081,0.00000000,0.00000000,0.00000000,0.00000000,0.00000000,0.00000000,0.10000000,0.07692308
BM25,text_lemmatized,13,0.24011196,0.00000000,0.00000000,0.00000000,0.00000000,0.20000000,0.01098901,0.30000000,0.03296703
BM25,text_lemmatized,14,0.00773456,0.00000000,0.00000000,0.00000000,0.00000000,0.00000000,0.00000000,0.00000000,0.00000000
BM25,text_lemmatized,15,0.17564170,0.00000000,0.00000000,0.00000000,0.00000000,0.20000000,0.01219512,0.30000000,0.03658537
BM25,text_lemmatized,16,0.11891036,1.00000000,0.03846154,0.33333333,0.03846154,0.40000000,0.07692308,0.20000000,0.07692308
BM25,text_lemmatized,17,0.05174590,1.00000000,0.03846154,0.33333333,0.03846154,0.20000000,0.03846154,0.10000000,0.03846154
BM25,text_lemmatized,18,0.11477136,0.00000000,0.00000000,0.33333333,0.09090909,0.20000000,0.09090909,0.10000000,0.09090909
BM25,text_lemmatized,19,0.24527317,1.00000000,0.01234568,1.00000000,0.03703704,0.80000000,0.04938272,0.70000000,0.08641975
BM25,text_lemmatized,20,0.14296257,0.00000000,0.00000000,0.00000000,0.00000000,0.40000000,0.01388889,0.30000000,0.02083333
BM25,text_lemmatized,21,0.09973412,1.00000000,0.04000000,0.33333333,0.04000000,0.40000000,0.08000000,0.20000000,0.08000000
BM25,text_lemmatized,22,0.10679225,0.00000000,0.00000000,0.00000000,0.00000000,0.20000000,0.01886792,0.20000000,0.03773585
BM25,text_lemmatized,23,0.15034707,0.00000000,0.00000000,0.33333333,0.02083333,0.40000000,0.04166667,0.40000000,0.08333333
BM25,text_lemmatized,24,0.29745986,1.00000000,0.01923077,1.00000000,0.05769231,1.00000000,0.09615385,0.70000000,0.13461538
BM25,text_lemmatized,25,0.21216924,0.00000000,0.00000000,0.33333333,0.03030303,0.40000000,0.06060606,0.40000000,0.12121212
BM25,text_lemmatized,26,0.40103991,1.00000000,0.01785714,1.00000000,0.05357143,0.80000000,0.07142857,0.60000000,0.10714286
BM25,text_lemmatized,27,0.25397259,0.00000000,0.00000000,0.33333333,0.00869565,0.20000000,0.00869565,0.30000000,0.02608696
BM25,text_lemmatized,28,0.21486007,1.00000000,0.01666667,0.66666667,0.03333333,0.80000000,0.06666667,0.60000000,0.10000000
BM25,text_lemmatized,29,0.12089704,0.00000000,0.00000000,0.33333333,0.02083333,0.40000000,0.04166667,0.30000000,0.06250000
BM25,text_lemmatized,30,0.34113417,1.00000000,0.00746269,1.00000000,0.02238806,0.80000000,0.02985075,0.70000000,0.05223881
BM25,text_lemmatized,31,0.10343236,1.00000000,0.01639344,0.66666667,0.03278689,0.40000000,0.03278689,0.20000000,0.03278689
BM25,text_lemmatized,32,0.15243534,0.00000000,0.00000000,0.33333333,0.00854701,0.20000000,0.00854701,0.20000000,0.01709402
BM25,text_lemmatized,33,0.05954440,0.00000000,0.00000000,0.00000000,0.00000000,0.00000000,0.00000000,0.00000000,0.00000000
BM25,text_lemmatized,34,0.14219153,0.00000000,0.00000000,0.33333333,0.02631579,0.40000000,0.05263158,0.30000000,0.07894737
BM25,text_lemmatized,35,0.20833988,1.00000000,0.02325581,0.66666667,0.04651163,0.80000000,0.09302326,0.50000000,0.11627907
BM25,text_lemmatized,37,0.07731149,0.00000000,0.00000000,0.00000000,0.00000000,0.00000000,0.00000000,0.20000000,0.05000000
BM25,text_lemmatized,39,0.10084633,1.00000000,0.05555556,0.33333333,0.05555556,0.20000000,0.05555556,0.10000000,0.05555556
BM25,text_lemmatized,41,0.14900092,0.00000000,0.00000000,0.00000000,0.00000000,0.20000000,0.09090909,0.30000000,0.27272727
BM25,text_lemmatized,42,0.13672953,0.00000000,0.00000000,0.33333333,0.02000000,0.20000000,0.02000000,0.20000000,0.04000000
BM25,text_lemmatized,43,0.02335206,0.00000000,0.00000000,0.00000000,0.00000000,0.00000000,0.00000000,0.00000000,0.00000000
BM25,text_lemmatized,44,0.27297864,1.00000000,0.00645161,0.66666667,0.01290323,0.60000000,0.01935484,0.60000000,0.03870968
BM25,text_lemmatized,45,0.17298799,1.00000000,0.01298701,0.33333333,0.01298701,0.40000000,0.02597403,0.30000000,0.03896104
BM25,text_lemmatized,46,0.27100752,1.00000000,0.00862069,0.66666667,0.01724138,0.80000000,0.03448276,0.70000000,0.06034483
BM25,text_lemmatized,49,0.12504442,1.00000000,0.02941176,0.33333333,0.02941176,0.40000000,0.05882353,0.20000000,0.05882353
BM25,text_lemmatized,50,0.37717330,1.00000000,0.01123596,0.66666667,0.02247191,0.80000000,0.04494382,0.70000000,0.07865169
BM25,text_lemmatized,52,0.56429193,1.00000000,0.06666667,1.00000000,0.20000000,1.00000000,0.33333333,0.60000000,0.40000000
BM25,text_lemmatized,54,0.14079291,0.00000000,0.00000000,0.00000000,0.00000000,0.00000000,0.00000000,0.00000000,0.00000000
BM25,text_lemmatized,55,0.69814235,1.00000000,0.05555556,1.00000000,0.16666667,1.00000000,0.27777778,0.90000000,0.50000000
BM25,text_lemmatized,56,0.07291074,0.00000000,0.00000000,0.00000000,0.00000000,0.00000000,0.00000000,0.00000000,0.00000000
BM25,text_lemmatized,57,0.17280929,1.00000000,0.05555556,0.66666667,0.11111111,0.40000000,0.11111111,0.20000000,0.11111111
BM25,text_lemmatized,58,0.37559040,0.00000000,0.00000000,0.66666667,0.04347826,0.80000000,0.08695652,0.80000000,0.17391304
BM25,text_lemmatized,61,0.05119161,0.00000000,0.00000000,0.00000000,0.00000000,0.20000000,0.09090909,0.10000000,0.09090909
BM25,text_lemmatized,62,0.47596171,1.00000000,0.08333333,1.00000000,0.25000000,0.80000000,0.33333333,0.50000000,0.41666667
BM25,text_lemmatized,65,0.28964083,1.00000000,0.07692308,0.66666667,0.15384615,0.60000000,0.23076923,0.30000000,0.23076923
BM25,text_lemmatized,66,0.48826690,1.00000000,0.02857143,1.00000000,0.08571429,1.00000000,0.14285714,0.60000000,0.17142857
BM25,text_lemmatized,67,0.16825544,0.00000000,0.00000000,0.33333333,0.03125000,0.20000000,0.03125000,0.30000000,0.09375000
BM25,text_lemmatized,69,0.26480825,1.00000000,0.06666667,0.66666667,0.13333333,0.40000000,0.13333333,0.40000000,0.26666667
BM25,text_lemmatized,71,0.30367498,1.00000000,0.03703704,0.66666667,0.07407407,0.60000000,0.11111111,0.50000000,0.18518519
BM25,text_lemmatized,76,0.37856339,1.00000000,0.01666667,1.00000000,0.05000000,0.80000000,0.06666667,0.80000000,0.13333333
BM25,text_lemmatized,79,0.26183067,1.00000000,0.09090909,0.66666667,0.18181818,0.40000000,0.18181818,0.30000000,0.27272727
BM25,text_lemmatized,81,0.14942733,1.00000000,0.09090909,0.33333333,0.09090909,0.20000000,0.09090909,0.20000000,0.18181818
BM25,text_lemmatized,82,0.04496556,0.00000000,0.00000000,0.00000000,0.00000000,0.20000000,0.10000000,0.10000000,0.10000000
BM25,text_lemmatized,84,0.06427363,0.00000000,0.00000000,0.00000000,0.00000000,0.00000000,0.00000000,0.00000000,0.00000000
BM25,text_lemmatized,90,0.09638481,1.00000000,0.01428571,0.33333333,0.01428571,0.20000000,0.01428571,0.10000000,0.01428571
BM25,text_lemmatized,92,0.15715753,1.00000000,0.02631579,1.00000000,0.07894737,0.80000000,0.10526316,0.50000000,0.13157895
BM25,text_lemmatized,95,0.10761627,0.00000000,0.00000000,0.33333333,0.09090909,0.40000000,0.18181818,0.20000000,0.18181818
BM25,text_lemmatized,96,0.02695833,0.00000000,0.00000000,0.00000000,0.00000000,0.00000000,0.00000000,0.00000000,0.00000000
BM25,text_lemmatized,97,0.07025269,0.00000000,0.00000000,0.00000000,0.00000000,0.00000000,0.00000000,0.10000000,0.16666667
BM25,text_lemmatized,98,0.35862966,1.00000000,0.03448276,0.66666667,0.06896552,0.80000000,0.13793103,0.60000000,0.20689655
BM25,text_lemmatized,99,0.30381118,1.00000000,0.02941176,1.00000000,0.08823529,0.80000000,0.11764706,0.50000000,0.14705882
BM25,text_lemmatized,100,0.06969202,1.00000000,0.05555556,0.33333333,0.05555556,0.20000000,0.05555556,0.10000000,0.05555556
BM25,text_lemmatized,101,0.16666667,0.00000000,0.00000000,0.00000000,0.00000000,0.00000000,0.00000000,0.10000000,1.00000000
BM25,text_lemmatized,102,0.47456575,1.00000000,0.04166667,1.00000000,0.12500000,0.80000000,0.16666667,0.80000000,0.33333333
BM25,text_lemmatized,104,0.03937167,0.00000000,0.00000000,0.00000000,0.00000000,0.00000000,0.00000000,0.10000000,0.09090909
BM25,text_lemmatized,109,0.13850434,0.00000000,0.00000000,0.33333333,0.01408451,0.40000000,0.02816901,0.40000000,0.05633803
BM25,text_lemmatized,111,0.43017128,1.00000000,0.16666667,0.33333333,0.16666667,0.40000000,0.33333333,0.30000000,0.50000000
